molecule_chembl_id,canonical_smiles,standard_type,standard_value,standard_units,standard_relation,assay_chembl_id,target_chembl_id,pIC50,MolecularWeight,LogP,HBD,HBA,TPSA,RotatableBonds,RingCount,AromaticRings,Activity
CHEMBL187677,C[C@H]1CCc2c(N3CCC(O)CC3)c(F)cc3c(=O)c(C(=O)O)cn1c23.N=C(N)NCCC[C@H](N)C(=O)O.O.O.O.O,IC50,5.0,ug.mL-1,=,CHEMBL828150,CHEMBL3038482,8.301029995663981,606.6490000000003,-2.3301299999999965,7,7,333.99,7,4,2,1
CHEMBL8,O=C(O)c1cn(C2CC2)c2cc(N3CCNCC3)c(F)cc2c1=O,IC50,5.0,ug.mL-1,=,CHEMBL826975,CHEMBL3038482,8.301029995663981,331.34700000000004,1.5833,2,4,74.57,3,4,2,1
CHEMBL192226,CN1CCN(c2c(F)cc3c(=O)c(C(=O)O)cn(/C=C\F)c3c2F)CC1,IC50,72.2,ug.mL-1,=,CHEMBL832740,CHEMBL3038482,7.141462802430361,367.3270000000001,2.1274000000000006,1,4,65.78,3,3,2,1
CHEMBL371124,CN1CCN(c2c(F)cc3c(=O)c(C(=O)O)cn(/C=C/F)c3c2F)CC1,IC50,664.0,ug.mL-1,=,CHEMBL832740,CHEMBL3038482,6.177831920631983,367.3270000000001,2.1274000000000006,1,4,65.78,3,3,2,1
CHEMBL6273,CN1CCN(c2c(F)cc3c(=O)c(C(=O)O)cn(CCF)c3c2F)CC1,IC50,68.5,ug.mL-1,=,CHEMBL832740,CHEMBL3038482,7.164309428507575,369.3430000000002,1.6991999999999998,1,4,65.78,4,3,2,1
CHEMBL220656,COc1c(-c2cc(C)nc(C)c2)c(F)cc2c(=O)c3c(=O)[nH]sc3n(C3CC3)c12,IC50,3200.0,nM,=,CHEMBL910511,CHEMBL3038482,5.494850021680094,411.45800000000014,4.065940000000002,1,5,76.97999999999999,3,5,4,0
CHEMBL219534,COc1c(-c2ccnc(C)c2)c(F)cc2c(=O)c3c(=O)[nH]sc3n(C3CC3)c12,IC50,1600.0,nM,=,CHEMBL910511,CHEMBL3038482,5.795880017344075,397.4310000000001,3.757520000000002,1,5,76.97999999999999,3,5,4,0
CHEMBL436512,COc1c(-c2ccc3c(c2)CN[C@@H]3C)c(F)cc2c(=O)c3c(=O)[nH]sc3n(C3CC3)c12,IC50,2100.0,nM,=,CHEMBL910511,CHEMBL3038482,5.6777807052660805,437.4960000000002,4.218300000000002,2,5,76.12,3,6,4,0
CHEMBL219216,COc1c(-c2ccc3c(c2)CNC3)c(F)cc2c(=O)c3c(=O)[nH]sc3n(C3CC3)c12,IC50,2000.0,nM,=,CHEMBL910511,CHEMBL3038482,5.698970004336019,423.46900000000016,3.657300000000001,2,5,76.12,3,6,4,0
CHEMBL32,COc1c(N2C[C@@H]3CCCN[C@@H]3C2)c(F)cc2c(=O)c(C(=O)O)cn(C3CC3)c12,IC50,28000.0,nM,=,CHEMBL910511,CHEMBL3038482,4.552841968657781,401.4380000000002,2.3705000000000007,2,5,83.80000000000001,4,5,2,0
CHEMBL430,CO/N=C1\CN(c2nc3c(cc2F)c(=O)c(C(=O)O)cn3C2CC2)CC1CN,IC50,5600.0,nM,=,CHEMBL910511,CHEMBL3038482,5.251811972993799,389.38700000000017,0.966,2,7,123.04,5,4,2,0
CHEMBL458404,CCC(=O)O/N=C(/C)N1N=C(C)CC1c1ccccc1OCc1ccc(F)cc1,IC50,125.0,ug.mL-1,>,CHEMBL968425,CHEMBL3038482,6.903089986991944,397.45000000000016,4.8140000000000045,0,5,63.49,6,3,2,1
CHEMBL463657,CC1=NN(/C(C)=N\OC(=O)c2cccnc2)C(c2ccc(OCc3ccc(F)cc3)cc2)C1,IC50,3.5,ug.mL-1,=,CHEMBL968425,CHEMBL3038482,8.455931955649724,446.4820000000002,5.1128000000000045,0,6,76.38000000000001,6,4,3,1
CHEMBL457468,COC1CC(c2ccccc2)=NN1/C(C)=N\OC(=O)c1ccco1,IC50,4.0,ug.mL-1,=,CHEMBL968425,CHEMBL3038482,8.397940008672037,327.3400000000001,2.8523000000000014,0,6,76.63,4,3,2,1
CHEMBL515530,COC1CC(c2ccccc2)=NN1/C(C)=N\OC(=O)c1ccc(C(F)(F)F)cc1,IC50,0.125,ug.mL-1,=,CHEMBL968425,CHEMBL3038482,9.903089986991944,405.3760000000001,4.278100000000004,0,5,63.49,4,3,2,1
CHEMBL513945,C/C(=N/OC(=O)c1ccco1)N1N=C(c2ccc(Cl)cc2Cl)CC1c1ccc(C(F)(F)F)cc1,IC50,0.5,ug.mL-1,=,CHEMBL968425,CHEMBL3038482,9.30102999566398,510.2990000000002,6.946700000000005,0,5,67.4,4,4,3,1
CHEMBL458367,C/C(=N/OC(=O)c1ccco1)N1N=C(c2ccc(Cl)cc2Cl)CC1c1ccccc1F,IC50,0.125,ug.mL-1,=,CHEMBL968425,CHEMBL3038482,9.903089986991944,460.2920000000002,6.067000000000005,0,5,67.4,4,4,3,1
CHEMBL457095,C=CC(=O)O/N=C(/C)N1N=C(c2ccc(Cl)cc2Cl)CC1c1ccccc1F,IC50,0.5,ug.mL-1,=,CHEMBL968425,CHEMBL3038482,9.30102999566398,420.2710000000001,5.346200000000004,0,4,54.26,4,3,2,1
CHEMBL463832,CC1=NN2C(C1)c1ccccc1CC2(C)C,IC50,0.25,ug.mL-1,=,CHEMBL968425,CHEMBL3038482,9.602059991327964,214.31199999999995,3.144000000000002,0,2,15.6,0,3,1,1
CHEMBL494577,O=C(O)c1cn2c3c(c(N4C[C@H](CNC5CC5)[C@H](F)C4)c(F)cc3c1=O)OC[C@@H]2CF,IC50,1.06,ug.mL-1,=,CHEMBL1005220,CHEMBL3038482,8.97469413473523,437.4180000000002,2.2681000000000004,2,5,83.8,6,5,2,1
CHEMBL278255,NC1CCN(c2c(F)cc3c(=O)c(C(=O)O)cn(C4CC4)c3c2Cl)C1,IC50,1.15,ug.mL-1,=,CHEMBL1005220,CHEMBL3038482,8.939302159646388,365.79200000000014,2.3645,2,4,88.56,3,4,2,1
CHEMBL5315124,C[C@H]1COc2c(N3CCN(C)CC3)c(F)cc3c(=O)c(C(=O)O)cn1c23.C[C@H]1COc2c(N3CCN(C)CC3)c(F)cc3c(=O)c(C(=O)O)cn1c23.O,IC50,9.31,ug.mL-1,=,CHEMBL1005220,CHEMBL3038482,8.031050319018657,740.7610000000001,2.263300000000001,2,10,181.52,4,8,4,1
CHEMBL455851,Cc1oc(-c2ccc(F)cc2F)nc1N1N=C(c2ccc(Cl)cc2Cl)CC1N1CCc2ccccc2C1,IC50,0.5,ug.mL-1,=,CHEMBL989568,CHEMBL3038482,9.30102999566398,539.4130000000001,7.233820000000006,0,5,44.870000000000005,4,6,4,1
CHEMBL458024,Cc1oc(-c2ccccc2F)nc1N1N=C(c2ccc(Cl)cc2Cl)CC1N1CCc2ccccc2C1,IC50,5.5,ug.mL-1,=,CHEMBL989568,CHEMBL3038482,8.259637310505756,521.4230000000002,7.094720000000005,0,5,44.870000000000005,4,6,4,1
CHEMBL514755,C=Cc1ccccc1-c1nc(N2N=C(c3ccccc3F)CC2N2CCc3ccccc3C2)c(C)o1,IC50,125.0,ug.mL-1,>,CHEMBL989568,CHEMBL3038482,6.903089986991944,478.5710000000003,6.430920000000007,0,5,44.870000000000005,5,6,4,1
CHEMBL518413,Cc1oc(-c2ccc(F)cc2F)nc1N1N=C(c2ccc(-c3ccco3)cc2)CC1N1CCc2ccccc2C1,IC50,0.125,ug.mL-1,=,CHEMBL989568,CHEMBL3038482,9.903089986991944,536.5820000000002,7.187020000000007,0,6,58.010000000000005,5,7,5,1
CHEMBL474679,COc1ccc2c(c1)CN(C1CC(c3ccc(Cl)cc3Cl)=NN1c1nc(-c3ccc(F)cc3F)oc1C)CC2,IC50,0.5,ug.mL-1,=,CHEMBL989568,CHEMBL3038482,9.30102999566398,569.439,7.242420000000006,0,6,54.1,5,6,4,1
CHEMBL476829,COc1ccc2c(c1)CN(C1CC(c3ccccc3F)=NN1c1nc(-c3ccccc3F)oc1C)CC2,IC50,4.0,ug.mL-1,=,CHEMBL989568,CHEMBL3038482,8.397940008672037,500.54900000000026,5.935620000000005,0,6,54.1,5,6,4,1
CHEMBL446121,COc1ccc2c(c1)CN(C1CC(c3ccc(-c4ccco4)cc3)=NN1c1nc(-c3ccc(F)cc3F)oc1C)CC2,IC50,0.25,ug.mL-1,=,CHEMBL989568,CHEMBL3038482,9.602059991327964,566.608,7.195620000000006,0,7,67.24000000000001,6,7,5,1
CHEMBL500220,COc1ccc2c(c1)CN(C1CC(c3ccc(-c4ccco4)cc3)=NN1c1nc(-c3ccccc3C(F)(F)F)oc1C)CC2,IC50,0.25,ug.mL-1,=,CHEMBL989568,CHEMBL3038482,9.602059991327964,598.625,7.936220000000008,0,7,67.24000000000001,6,7,5,1
CHEMBL390983,COc1c(N2CC[C@@H](C3(N)CC3)C2)ccc2c(=O)c(C(=O)O)cn([C@@H]3C[C@@H]3F)c12,IC50,0.835,ug.mL-1,=,CHEMBL1066706,CHEMBL3038482,9.078313524516398,401.4380000000001,2.3088000000000006,2,5,97.79,5,5,2,1
CHEMBL31,COc1c(N2CCNC(C)C2)c(F)cc2c(=O)c(C(=O)O)cn(C3CC3)c12,IC50,3.22,ug.mL-1,=,CHEMBL1066706,CHEMBL3038482,8.492144128304169,375.40000000000015,1.9804,2,5,83.80000000000001,4,4,2,1
CHEMBL215303,C[C@H]1NCc2cc(-c3ccc4c(=O)c(C(=O)O)cn(C5CC5)c4c3OC(F)F)ccc21,IC50,3.59,ug.mL-1,=,CHEMBL1066706,CHEMBL3038482,8.44490555142168,426.41900000000015,4.467200000000004,2,4,80.56000000000002,5,5,3,1
CHEMBL1276635,CC[C@@H]1CCN(c2c(F)cc3c(=O)c(C(=O)O)cn(C4CC4)c3c2OC)C1,IC50,1100.0,nM,=,CHEMBL1282398,CHEMBL3038482,5.958607314841775,374.4120000000002,3.4186000000000023,1,4,71.77,5,4,2,0
CHEMBL1276666,CC[C@@H]1CCN(c2c(F)cc3c(=O)n(N)c(=O)n(C4CC4)c3c2OC)C1,IC50,2300.0,nM,=,CHEMBL1282398,CHEMBL3038482,5.638272163982407,362.4050000000002,1.5959000000000003,1,5,82.49000000000002,4,4,2,0
CHEMBL1276667,CC[C@@H]1CCN(c2c(F)cc3c(=O)n(N)c(=O)n(C4CC4)c3c2C)C1,IC50,1600.0,nM,=,CHEMBL1282398,CHEMBL3038482,5.795880017344075,346.4060000000002,1.89572,1,4,73.26000000000002,3,4,2,0
CHEMBL1276697,CC[C@@H]1CCN(c2c(F)cn3c(=O)n(N)c(=O)c(C4CC4)c3c2OC)C1,IC50,36500.0,nM,=,CHEMBL1282398,CHEMBL3038482,4.437707135543525,362.4050000000002,1.4363999999999997,1,5,81.97000000000001,4,4,2,0
CHEMBL1774147,COc1c(N2CC[C@@H]([C@H](C)N)C2)c(F)cc2c(=O)c3c(=O)[nH]sc3n(C3CC3)c12,IC50,680.0,nM,=,CHEMBL1775351,CHEMBL3038482,6.167491087293763,418.49400000000014,2.560600000000001,2,6,93.35,4,5,3,1
CHEMBL1774153,CN[C@@H](C)[C@@H]1CCN(c2c(F)cc3c(=O)c4c(=O)[nH]sc4n(C4CC4)c3c2OC)C1,IC50,1100.0,nM,=,CHEMBL1775351,CHEMBL3038482,5.958607314841775,432.5210000000002,2.821300000000001,2,6,79.36,5,5,3,0
CHEMBL1774264,COc1c(N2CC[C@@H]([C@H](C)NCCF)C2)c(F)cc2c(=O)c3c(=O)[nH]sc3n(C3CC3)c12,IC50,1320.0,nM,=,CHEMBL1775351,CHEMBL3038482,5.87942606879415,464.5380000000002,3.1610000000000014,2,6,79.36000000000001,7,5,3,0
CHEMBL1256993,COc1c(N2CC[C@@H](C(C)(C)N)C2)c(F)cc2c(=O)c3c(=O)[nH]sc3n(C3CC3)c12,IC50,680.0,nM,=,CHEMBL1775351,CHEMBL3038482,6.167491087293763,432.5210000000002,2.950700000000001,2,6,93.35,4,5,3,1
CHEMBL2158049,COc1ccc2nccc(C(O)CC[C@@H]3CCN(CCC(=O)N4CCCCC4)C[C@@H]3C(=O)O)c2c1,IC50,10600.0,nM,=,CHEMBL2161979,CHEMBL3038482,4.97469413473523,483.6090000000005,3.482300000000002,2,6,103.2,9,4,2,0
CHEMBL2158048,COc1ccc2nccc(C(O)CC[C@@H]3CCN(CCSc4ccc(C(=O)O)[se]4)C[C@@H]3C(=O)O)c2c1,IC50,100000.0,nM,>,CHEMBL2161979,CHEMBL3038482,4.0,577.5610000000003,3.627200000000002,3,7,120.19,11,4,3,0
CHEMBL2158047,COc1ccc2nccc([C@@H](O)CC[C@@H]3CCN(CCSc4ccc(C#N)[se]4)C[C@@H]3C(=O)O)c2c1,IC50,36600.0,nM,=,CHEMBL2161979,CHEMBL3038482,4.436518914605589,558.5620000000002,3.8006800000000025,2,7,106.68,10,4,3,0
CHEMBL2158045,COc1ccc2nccc([C@H](O)CC[C@@H]3CCN(CCSc4ccc(C=O)[se]4)C[C@@H]3C(=O)O)c2c1,IC50,8900.0,nM,=,CHEMBL2161979,CHEMBL3038482,5.050609993355087,561.5620000000002,3.741500000000002,2,7,99.96,11,4,3,0
CHEMBL2158044,COc1ccc2nccc([C@@H](O)CC[C@@H]3CCN(CCSc4ccc(C(F)F)[se]4)C[C@@H]3C(=O)O)c2c1,IC50,21200.0,nM,=,CHEMBL2161979,CHEMBL3038482,4.673664139071248,583.5590000000002,4.8666000000000045,2,6,82.89,11,4,3,0
CHEMBL2158043,COc1ccc2nccc([C@@H](O)CC[C@@H]3CCN(CCS(=O)(=O)c4ccc[se]4)C[C@@H]3C(=O)O)c2c1,IC50,100000.0,nM,>,CHEMBL2161979,CHEMBL3038482,4.0,565.5500000000002,2.6106000000000007,2,7,117.03000000000002,10,4,3,0
CHEMBL2158041,COc1ccc2nccc([C@@H](O)CC[C@@H]3CCN(CCSc4ccc[se]4)C[C@@H]3C(=O)O)c2c1,IC50,400.0,nM,=,CHEMBL2161979,CHEMBL3038482,6.3979400086720375,533.5520000000001,3.929000000000002,2,6,82.89,10,4,3,1
CHEMBL2158040,COc1ccc2nccc([C@H](O)CC[C@@H]3CCN(CCSc4ccc[se]4)C[C@@H]3C(=O)O)c2c1,IC50,700.0,nM,=,CHEMBL2161979,CHEMBL3038482,6.154901959985743,533.5520000000001,3.929000000000002,2,6,82.89,10,4,3,1
CHEMBL2159979,COc1ccc2nccc([C@H](O)CC[C@@H]3CCN(CCSc4sccc4P(=O)(O)O)C[C@@H]3C(=O)O)c2c1,IC50,100000.0,nM,>,CHEMBL2161979,CHEMBL3038482,4.0,566.6380000000003,3.736500000000003,4,8,140.42,11,4,3,0
CHEMBL2159978,COc1ccc2nccc([C@@H](O)CC[C@@H]3CCN(CCSc4sccc4P(=O)(OC(C)C)OC(C)C)C[C@@H]3C(=O)O)c2c1,IC50,100000.0,nM,>,CHEMBL2161979,CHEMBL3038482,4.0,650.8000000000002,6.601900000000007,2,10,118.42,15,4,3,0
CHEMBL2159976,COc1ccc2nccc([C@@H](O)CC[C@@H]3CCN(CCSc4cccs4)C[C@@H]3C(=O)O)c2c1,IC50,1400.0,nM,=,CHEMBL2161979,CHEMBL3038482,5.853871964321762,486.6590000000002,4.933500000000004,2,7,82.89,10,4,3,0
CHEMBL2159975,COc1ccc2nccc([C@H](O)CC[C@@H]3CCN(CCSc4cccs4)C[C@@H]3C(=O)O)c2c1,IC50,3300.0,nM,=,CHEMBL2161979,CHEMBL3038482,5.481486060122113,486.6590000000002,4.933500000000004,2,7,82.89,10,4,3,0
CHEMBL2159974,COc1ccc2nccc([C@@H](O)CC[C@@H]3CCN(CCSc4ccco4)C[C@@H]3C(=O)O)c2c1,IC50,4700.0,nM,=,CHEMBL2161979,CHEMBL3038482,5.327902142064283,470.5910000000002,4.465000000000003,2,7,96.03000000000002,10,4,3,0
CHEMBL2159973,COc1ccc2nccc([C@H](O)CC[C@@H]3CCN(CCSc4ccco4)C[C@@H]3C(=O)O)c2c1,IC50,10200.0,nM,=,CHEMBL2161979,CHEMBL3038482,4.991399828238082,470.5910000000002,4.465000000000003,2,7,96.03000000000002,10,4,3,0
CHEMBL2205317,C=C1CC[C@@H](O[C@H]2C[C@@](O)([C@H](C)NC(=O)c3[nH]cc(Cl)c3Cl)[C@H](O)[C@@H](C)O2)[C@@H]2C=C[C@H](C)C(/C(O)=C3\C(=O)[C@H](C(C)C)N([C@H]4O[C@H](C)[C@H](OC(N)=O)[C@H](OC(C)=O)[C@@H]4OC)C3=O)[C@@H]12,IC50,400.0,nM,=,CHEMBL2216571,CHEMBL3038482,6.3979400086720375,925.857,3.859800000000004,6,14,258.5,11,6,1,1
CHEMBL2205318,C=C1CC[C@@H](O[C@H]2C[C@@](O)([C@H](C)NC(=O)c3[nH]c(C)c(Cl)c3Cl)[C@H](O)[C@@H](C)O2)[C@@H]2C=C[C@H](C)C(/C(O)=C3\C(=O)[C@H](C(C)C)N([C@H]4O[C@H](C)[C@H](OC(N)=O)[C@H](OC(C)=O)[C@@H]4OC)C3=O)[C@@H]12,IC50,9.0,nM,=,CHEMBL2216571,CHEMBL3038482,8.045757490560675,939.884,4.168220000000004,6,14,258.5,11,6,1,1
CHEMBL2382284,COc1ccc2nccc([C@@H](O)CC[C@@H]3CCN(C4CC(c5ccn[nH]5)C4)C[C@@H]3C(=O)O)c2c1,IC50,25000.0,nM,>,CHEMBL2382449,CHEMBL3038482,4.6020599913279625,464.5660000000002,3.7490000000000014,3,6,111.57,8,5,3,0
CHEMBL2382283,COc1ccc2nccc([C@@H](O)CC[C@@H]3CCN(C4CC(c5ccn(C)n5)C4)C[C@@H]3C(=O)O)c2c1,IC50,19000.0,nM,=,CHEMBL2382449,CHEMBL3038482,4.721246399047171,478.59300000000025,3.759400000000002,2,6,100.71,8,5,3,0
CHEMBL2380332,COc1ccc2nccc([C@@H](O)CC[C@@H]3CCN(C4CC(c5ccncn5)C4)C[C@@H]3C(=O)O)c2c1,IC50,19000.0,nM,=,CHEMBL2382449,CHEMBL3038482,4.721246399047171,476.5770000000002,3.815900000000002,2,7,108.67,8,5,3,0
CHEMBL2382282,COc1ccc2nccc([C@@H](O)CC[C@@H]3CCN(C4CC(c5ccnc(C)n5)C4)C[C@@H]3C(=O)O)c2c1,IC50,50000.0,nM,=,CHEMBL2382449,CHEMBL3038482,4.301029995663981,490.6040000000002,4.124320000000003,2,7,108.67,8,5,3,0
CHEMBL2380334,COc1ccc2nccc([C@@H](O)CC[C@@H]3CCN(C4CC(c5ccno5)C4)C[C@@H]3C(=O)O)c2c1,IC50,3130.0,nM,=,CHEMBL2382449,CHEMBL3038482,5.504455662453552,465.5500000000002,4.013900000000002,2,7,108.92,8,5,3,0
CHEMBL2382388,COc1ccc2nccc([C@@H](O)CC[C@@H]3CCN(C4CC(c5ncc(C)o5)C4)C[C@@H]3C(=O)O)c2c1,IC50,6250.0,nM,=,CHEMBL2382449,CHEMBL3038482,5.204119982655925,479.5770000000003,4.322320000000003,2,7,108.92,8,5,3,0
CHEMBL2382387,COc1ccc2nccc([C@@H](O)CC[C@@H]3CCN(C/C=C/c4ccccc4)C[C@@H]3C(=O)O)c2c1,IC50,4700.0,nM,=,CHEMBL2382449,CHEMBL3038482,5.327902142064283,460.5740000000002,4.793100000000004,2,5,82.89,9,4,3,0
CHEMBL2382386,COc1ccc2nccc([C@@H](O)CC[C@@H]3CCN(C4CC(c5cc(SC)ccc5F)C4)C[C@@H]3C(=O)O)c2c1,IC50,3130.0,nM,=,CHEMBL2382449,CHEMBL3038482,5.504455662453552,538.6850000000003,5.886900000000006,2,6,82.89,9,5,3,0
CHEMBL2382385,COc1ccc2nccc([C@@H](O)CC[C@@H]3CCN(C4CC(c5cccc(SC)c5)C4)C[C@@H]3C(=O)O)c2c1,IC50,4700.0,nM,=,CHEMBL2382449,CHEMBL3038482,5.327902142064283,520.6950000000003,5.747800000000006,2,6,82.89,9,5,3,0
CHEMBL2382384,COc1ccc2nccc([C@@H](O)CC[C@@H]3CCN(C4CC(c5ccccc5SC)C4)C[C@@H]3C(=O)O)c2c1,IC50,3130.0,nM,=,CHEMBL2382449,CHEMBL3038482,5.504455662453552,520.6950000000003,5.747800000000006,2,6,82.89,9,5,3,0
CHEMBL2382383,COc1ccc2nccc([C@@H](O)CC[C@@H]3CCN(C4CC(c5cc(C#N)ccc5F)C4)C[C@@H]3C(=O)O)c2c1,IC50,9400.0,nM,=,CHEMBL2382449,CHEMBL3038482,5.026872146400302,517.6010000000003,5.036680000000004,2,6,106.68,8,5,3,0
CHEMBL2382382,COc1ccc2nccc([C@@H](O)CC[C@@H]3CCN(C4CC(c5cc(F)cc(F)c5OC)C4)C[C@@H]3C(=O)O)c2c1,IC50,6250.0,nM,=,CHEMBL2382449,CHEMBL3038482,5.204119982655925,540.6070000000003,5.312700000000005,2,6,92.12000000000002,9,5,3,0
CHEMBL2380333,COc1ccc2nccc([C@@H](O)CC[C@@H]3CCN(C4CC(c5cc(F)ccc5C(F)(F)F)C4)C[C@@H]3C(=O)O)c2c1,IC50,9400.0,nM,=,CHEMBL2382449,CHEMBL3038482,5.026872146400302,560.5880000000002,6.183800000000006,2,5,82.89,8,5,3,0
CHEMBL2382381,COc1ccc2nccc([C@@H](O)CC[C@@H]3CCN(C4CC(c5c(F)ccc(F)c5OC)C4)C[C@@H]3C(=O)O)c2c1,IC50,3130.0,nM,=,CHEMBL2382449,CHEMBL3038482,5.504455662453552,540.6070000000003,5.312700000000005,2,6,92.12000000000002,9,5,3,0
CHEMBL2382380,COc1ccc2nccc([C@@H](O)CC[C@@H]3CCN(C4CC(c5c(OC)ccc(F)c5F)C4)C[C@@H]3C(=O)O)c2c1,IC50,1560.0,nM,=,CHEMBL2382449,CHEMBL3038482,5.806875401645538,540.6070000000003,5.312700000000005,2,6,92.12000000000002,9,5,3,0
CHEMBL2382379,COc1ccc2nccc([C@@H](O)CC[C@@H]3CCN(C4CC(c5cc(F)ccc5C)C4)C[C@@H]3C(=O)O)c2c1,IC50,2300.0,nM,=,CHEMBL2382449,CHEMBL3038482,5.638272163982407,506.6180000000003,5.473420000000005,2,5,82.89,8,5,3,0
CHEMBL2382378,COc1ccc2nccc([C@@H](O)CC[C@@H]3CCN(C4CC(c5ccccc5C(F)(F)F)C4)C[C@@H]3C(=O)O)c2c1,IC50,1560.0,nM,=,CHEMBL2382449,CHEMBL3038482,5.806875401645538,542.5980000000002,6.044700000000006,2,5,82.89,8,5,3,0
CHEMBL2382377,COc1ccc2nccc([C@@H](O)CC[C@@H]3CCN(C4CC(c5cc(Br)ccc5F)C4)C[C@@H]3C(=O)O)c2c1,IC50,3130.0,nM,=,CHEMBL2382449,CHEMBL3038482,5.504455662453552,571.4870000000002,5.927500000000006,2,5,82.89,8,5,3,0
CHEMBL2382376,COc1ccc2nccc([C@@H](O)CC[C@@H]3CCN(C4CC(c5cc(F)ccc5OC)C4)C[C@@H]3C(=O)O)c2c1,IC50,12500.0,nM,=,CHEMBL2382449,CHEMBL3038482,4.903089986991944,522.6170000000003,5.173600000000005,2,6,92.12000000000002,9,5,3,0
CHEMBL2382375,COc1ccc2nccc([C@@H](O)CC[C@@H]3CCN(C4CC(c5c(F)cccc5C(F)(F)F)C4)C[C@@H]3C(=O)O)c2c1,IC50,19000.0,nM,=,CHEMBL2382449,CHEMBL3038482,4.721246399047171,560.5880000000002,6.183800000000006,2,5,82.89,8,5,3,0
CHEMBL2382374,COc1ccc2nccc([C@@H](O)CC[C@@H]3CCN(C4CC(c5c(F)cccc5OC)C4)C[C@@H]3C(=O)O)c2c1,IC50,12500.0,nM,=,CHEMBL2382449,CHEMBL3038482,4.903089986991944,522.6170000000003,5.173600000000005,2,6,92.12000000000002,9,5,3,0
CHEMBL2382373,COc1ccc2nccc([C@@H](O)CC[C@@H]3CCN(C4CC(c5cccc(F)c5F)C4)C[C@@H]3C(=O)O)c2c1,IC50,1560.0,nM,=,CHEMBL2382449,CHEMBL3038482,5.806875401645538,510.5810000000002,5.3041000000000045,2,5,82.89,8,5,3,0
CHEMBL2382372,COc1ccc2nccc([C@@H](O)CC[C@@H]3CCN(C4CC(c5cc(F)cc(F)c5F)C4)C[C@@H]3C(=O)O)c2c1,IC50,1560.0,nM,=,CHEMBL2382449,CHEMBL3038482,5.806875401645538,528.5710000000003,5.443200000000005,2,5,82.89,8,5,3,0
CHEMBL2382371,COc1ccc2nccc([C@@H](O)CC[C@@H]3CCN(C4CC(c5ccccc5OC)C4)C[C@@H]3C(=O)O)c2c1,IC50,6250.0,nM,=,CHEMBL2382449,CHEMBL3038482,5.204119982655925,504.6270000000003,5.034500000000005,2,6,92.12000000000002,9,5,3,0
CHEMBL2382370,COc1ccc2nccc([C@@H](O)CC[C@@H]3CCN(C4CC(c5cc(Cl)ccc5F)C4)C[C@@H]3C(=O)O)c2c1,IC50,1560.0,nM,=,CHEMBL2382449,CHEMBL3038482,5.806875401645538,527.0360000000002,5.818400000000006,2,5,82.89,8,5,3,0
CHEMBL2382369,COc1ccc2nccc([C@@H](O)CC[C@@H]3CCN(C4CC(c5cc(F)c(OC)cc5F)C4)C[C@@H]3C(=O)O)c2c1,IC50,50000.0,nM,=,CHEMBL2382449,CHEMBL3038482,4.301029995663981,540.6070000000003,5.312700000000005,2,6,92.12000000000002,9,5,3,0
CHEMBL2382368,COc1ccc2nccc([C@@H](O)CC[C@@H]3CCN(C4CC(c5cc(F)c(Cl)cc5F)C4)C[C@@H]3C(=O)O)c2c1,IC50,4700.0,nM,=,CHEMBL2382449,CHEMBL3038482,5.327902142064283,545.0260000000002,5.957500000000006,2,5,82.89,8,5,3,0
CHEMBL2382367,COc1ccc2nccc([C@@H](O)CC[C@@H]3CCN(C4CC(c5ccc(C#N)cc5)C4)C[C@@H]3C(=O)O)c2c1,IC50,50000.0,nM,>,CHEMBL2382449,CHEMBL3038482,4.301029995663981,499.6110000000003,4.897580000000004,2,6,106.68,8,5,3,0
CHEMBL2382366,COc1ccc2nccc([C@@H](O)CC[C@@H]3CCN(C4CC(c5cccc(C#N)c5)C4)C[C@@H]3C(=O)O)c2c1,IC50,9400.0,nM,=,CHEMBL2382449,CHEMBL3038482,5.026872146400302,499.6110000000003,4.897580000000004,2,6,106.68,8,5,3,0
CHEMBL2382365,COc1ccc(C2CC(N3CC[C@@H](CC[C@H](O)c4ccnc5ccc(OC)cc45)[C@@H](C(=O)O)C3)C2)c(F)c1,IC50,50000.0,nM,=,CHEMBL2382449,CHEMBL3038482,4.301029995663981,522.6170000000003,5.173600000000005,2,6,92.12000000000002,9,5,3,0
CHEMBL2382364,COc1ccc2nccc([C@@H](O)CC[C@@H]3CCN(C4CC(c5cc(F)cc(F)c5)C4)C[C@@H]3C(=O)O)c2c1,IC50,1560.0,nM,=,CHEMBL2382449,CHEMBL3038482,5.806875401645538,510.5810000000002,5.304100000000005,2,5,82.89,8,5,3,0
CHEMBL2382363,COc1ccc2nccc([C@@H](O)CC[C@@H]3CCN(C4CC(c5ccc(F)c(C#N)c5)C4)C[C@@H]3C(=O)O)c2c1,IC50,3130.0,nM,=,CHEMBL2382449,CHEMBL3038482,5.504455662453552,517.6010000000003,5.036680000000005,2,6,106.68,8,5,3,0
CHEMBL2382362,COc1ccc2nccc([C@@H](O)CC[C@@H]3CCN(C4CC(c5cccc(OC)c5F)C4)C[C@@H]3C(=O)O)c2c1,IC50,19000.0,nM,=,CHEMBL2382449,CHEMBL3038482,4.721246399047171,522.6170000000003,5.173600000000005,2,6,92.12000000000002,9,5,3,0
CHEMBL2382361,COc1ccc2nccc([C@@H](O)CC[C@@H]3CCN(C4CC(c5ccc(F)c(F)c5F)C4)C[C@@H]3C(=O)O)c2c1,IC50,3130.0,nM,=,CHEMBL2382449,CHEMBL3038482,5.504455662453552,528.5710000000003,5.443200000000005,2,5,82.89,8,5,3,0
CHEMBL2382360,COc1ccc2nccc([C@@H](O)CC[C@@H]3CCN(C4CC(c5ccc(Br)cc5F)C4)C[C@@H]3C(=O)O)c2c1,IC50,6250.0,nM,=,CHEMBL2382449,CHEMBL3038482,5.204119982655925,571.4870000000002,5.927500000000006,2,5,82.89,8,5,3,0
CHEMBL2382359,COc1ccc2nccc([C@@H](O)CC[C@@H]3CCN(C4CC(c5c(F)ccc(F)c5F)C4)C[C@@H]3C(=O)O)c2c1,IC50,1560.0,nM,=,CHEMBL2382449,CHEMBL3038482,5.806875401645538,528.5710000000003,5.4432000000000045,2,5,82.89,8,5,3,0
CHEMBL2382358,COc1ccc2nccc([C@@H](O)CC[C@@H]3CCN(C4CC(c5ccc(C(F)(F)F)cc5F)C4)C[C@@H]3C(=O)O)c2c1,IC50,6250.0,nM,=,CHEMBL2382449,CHEMBL3038482,5.204119982655925,560.5880000000002,6.183800000000006,2,5,82.89,8,5,3,0
CHEMBL2382357,COc1ccc2nccc([C@@H](O)CC[C@@H]3CCN(C4CC(c5cccc(C(F)(F)F)c5F)C4)C[C@@H]3C(=O)O)c2c1,IC50,6250.0,nM,=,CHEMBL2382449,CHEMBL3038482,5.204119982655925,560.5880000000002,6.183800000000006,2,5,82.89,8,5,3,0
CHEMBL2382356,COc1ccc2nccc([C@@H](O)CC[C@@H]3CCN(C4CC(c5cc(F)c(F)cc5F)C4)C[C@@H]3C(=O)O)c2c1,IC50,1560.0,nM,=,CHEMBL2382449,CHEMBL3038482,5.806875401645538,528.5710000000003,5.443200000000005,2,5,82.89,8,5,3,0
CHEMBL2382355,COc1ccc2nccc([C@@H](O)CC[C@@H]3CCN(C4CC(c5cccc(Cl)c5F)C4)C[C@@H]3C(=O)O)c2c1,IC50,2400.0,nM,=,CHEMBL2382449,CHEMBL3038482,5.619788758288394,527.0360000000002,5.818400000000006,2,5,82.89,8,5,3,0
CHEMBL2382354,COc1ccc2nccc([C@@H](O)CC[C@@H]3CCN(C4CC(c5cc(C)ccc5F)C4)C[C@@H]3C(=O)O)c2c1,IC50,1560.0,nM,=,CHEMBL2382449,CHEMBL3038482,5.806875401645538,506.6180000000003,5.473420000000005,2,5,82.89,8,5,3,0
CHEMBL2382353,COc1ccc2nccc([C@@H](O)CC[C@@H]3CCN(C4CC(c5c(F)cc(F)cc5F)C4)C[C@@H]3C(=O)O)c2c1,IC50,6250.0,nM,=,CHEMBL2382449,CHEMBL3038482,5.204119982655925,528.5710000000003,5.443200000000005,2,5,82.89,8,5,3,0
CHEMBL2382352,COc1ccc2nccc([C@@H](O)CC[C@@H]3CCN(C4CC(c5ccc(Cl)cc5F)C4)C[C@@H]3C(=O)O)c2c1,IC50,6250.0,nM,=,CHEMBL2382449,CHEMBL3038482,5.204119982655925,527.0360000000002,5.818400000000006,2,5,82.89,8,5,3,0
CHEMBL2382351,COc1ccc2nccc([C@@H](O)CC[C@@H]3CCN(C4CC(c5c(F)ccc(Cl)c5F)C4)C[C@@H]3C(=O)O)c2c1,IC50,3130.0,nM,=,CHEMBL2382449,CHEMBL3038482,5.504455662453552,545.0260000000002,5.957500000000006,2,5,82.89,8,5,3,0
CHEMBL2382350,COc1ccc2nccc([C@@H](O)CC[C@@H]3CCN(C4CC(c5cc(C(F)(F)F)ccc5F)C4)C[C@@H]3C(=O)O)c2c1,IC50,25000.0,nM,=,CHEMBL2382449,CHEMBL3038482,4.6020599913279625,560.5880000000002,6.183800000000006,2,5,82.89,8,5,3,0
CHEMBL2382349,COc1ccc2nccc([C@@H](O)CC[C@@H]3CCN(C4CC(c5c(F)cccc5Cl)C4)C[C@@H]3C(=O)O)c2c1,IC50,4700.0,nM,=,CHEMBL2382449,CHEMBL3038482,5.327902142064283,527.0360000000002,5.818400000000006,2,5,82.89,8,5,3,0
CHEMBL2382348,COc1ccc(F)c(C2CC(N3CC[C@@H](CC[C@H](O)c4ccnc5ccc(OC)cc45)[C@@H](C(=O)O)C3)C2)c1,IC50,50000.0,nM,=,CHEMBL2382449,CHEMBL3038482,4.301029995663981,522.6170000000003,5.173600000000004,2,6,92.12000000000002,9,5,3,0
CHEMBL2382347,COc1ccc2nccc([C@@H](O)CC[C@@H]3CCN(C4CC(c5cccc(F)c5C)C4)C[C@@H]3C(=O)O)c2c1,IC50,25000.0,nM,=,CHEMBL2382449,CHEMBL3038482,4.6020599913279625,506.6180000000003,5.473420000000005,2,5,82.89,8,5,3,0
CHEMBL2382346,COc1ccc2nccc([C@@H](O)CC[C@@H]3CCN(C4CC(c5ccc(F)cc5F)C4)C[C@@H]3C(=O)O)c2c1,IC50,9400.0,nM,=,CHEMBL2382449,CHEMBL3038482,5.026872146400302,510.5810000000002,5.304100000000005,2,5,82.89,8,5,3,0
CHEMBL2382345,COc1ccc2nccc([C@@H](O)CC[C@@H]3CCN(C4CC(c5cc(F)ccc5F)C4)C[C@@H]3C(=O)O)c2c1,IC50,3000.0,nM,=,CHEMBL2382449,CHEMBL3038482,5.522878745280337,510.5810000000002,5.3041000000000045,2,5,82.89,8,5,3,0
CHEMBL2382344,COc1ccc2nccc([C@@H](O)CC[C@@H]3CCN(C4CC(c5ccc(-c6ccccc6)cc5)C4)C[C@@H]3C(=O)O)c2c1,IC50,50000.0,nM,>,CHEMBL2382449,CHEMBL3038482,4.301029995663981,550.6990000000003,6.692900000000008,2,5,82.89,9,6,4,0
CHEMBL2382343,COc1ccc2nccc([C@@H](O)CC[C@@H]3CCN(C4CC(c5c(F)cccc5F)C4)C[C@@H]3C(=O)O)c2c1,IC50,2930.0,nM,=,CHEMBL2382449,CHEMBL3038482,5.533132379645891,510.5810000000002,5.3041000000000045,2,5,82.89,8,5,3,0
CHEMBL2382342,COc1ccc2nccc([C@@H](O)CC[C@@H]3CCN(C4CC(c5cccc(F)c5)C4)C[C@@H]3C(=O)O)c2c1,IC50,1560.0,nM,=,CHEMBL2382449,CHEMBL3038482,5.806875401645538,492.5910000000002,5.1650000000000045,2,5,82.89,8,5,3,0
CHEMBL2382341,COc1ccc2nccc([C@@H](O)CC[C@@H]3CCN(C4CC(c5ccccc5F)C4)C[C@@H]3C(=O)O)c2c1,IC50,12500.0,nM,=,CHEMBL2382449,CHEMBL3038482,4.903089986991944,492.5910000000002,5.1650000000000045,2,5,82.89,8,5,3,0
CHEMBL2382287,COc1ccc2nccc([C@@H](O)CC[C@@H]3CCN(C4CC(c5ccccc5)C4)C[C@@H]3C(=O)O)c2c1,IC50,1190.0,nM,=,CHEMBL2382449,CHEMBL3038482,5.924453038607469,474.6010000000002,5.0259000000000045,2,5,82.89,8,5,3,0
CHEMBL2382285,COc1ccc2nccc(C(O)CC[C@@H]3CCN(C/C=C/c4cc(F)ccc4F)C[C@@H]3C(=O)O)c2c1,IC50,7660.0,nM,=,CHEMBL2382449,CHEMBL3038482,5.115771230367396,496.5540000000002,5.071300000000004,2,5,82.89,9,4,3,0
CHEMBL2158050,COc1ccc2ncc(F)c([C@@H](O)CC[C@@H]3CCN(CCSc4cccs4)C[C@@H]3C(=O)O)c2c1,IC50,1560.0,nM,=,CHEMBL2382449,CHEMBL3038482,5.806875401645538,504.6490000000002,5.072600000000004,2,7,82.89,10,4,3,0
CHEMBL2424888,COc1ccc2nccc([C@H](O)[C@@H](O)[C@@H]3CC[C@@H](NCc4ccc5c(n4)NC(=O)CS5)CO3)c2n1,IC50,500.0,nM,=,CHEMBL2426901,CHEMBL3038482,6.301029995663981,497.5770000000003,1.8093,4,10,138.72,7,5,3,1
CHEMBL2424896,COc1ccc2nccc(OC[C@@H]3CC[C@@H](NCc4cc5c(cn4)OCCO5)CO3)c2n1,IC50,500.0,nM,=,CHEMBL2426901,CHEMBL3038482,6.301029995663981,438.48400000000026,2.5208000000000004,1,9,96.85,7,5,3,1
CHEMBL2424835,COc1ccc2nccc([C@@H](O)[C@H](O)[C@@H]3CC[C@@H](NCc4ccc5c(n4)NC(=O)CS5)CO3)c2c1,IC50,250.0,nM,=,CHEMBL2426901,CHEMBL3038482,6.6020599913279625,496.5890000000003,2.4143,4,9,125.83,7,5,3,1
CHEMBL2424879,COc1ccc2ncc(F)c([C@@H](O)[C@H](O)[C@@H]3CC[C@@H](NCc4cc5c(nn4)OCCO5)CO3)c2n1,IC50,125.0,nM,=,CHEMBL2426901,CHEMBL3038482,6.903089986991944,487.48800000000034,1.0703999999999996,3,11,140.97000000000003,7,5,3,1
CHEMBL2424878,COc1ccc2ncc(F)c([C@@H](O)[C@H](O)[C@@H]3CC[C@@H](NCc4cc5c(nn4)OCCS5)CO3)c2n1,IC50,125.0,nM,=,CHEMBL2426901,CHEMBL3038482,6.903089986991944,503.5560000000003,1.7837,3,11,131.74,7,5,3,1
CHEMBL2424875,COc1cnc2ccc(F)c([C@@H](O)[C@H](O)[C@@H]3CC[C@@H](NCc4cc5c(nn4)OCCS5)CO3)c2n1,IC50,125.0,nM,=,CHEMBL2426901,CHEMBL3038482,6.903089986991944,503.55600000000027,1.7837,3,11,131.74,7,5,3,1
CHEMBL2424873,COc1cnc2ccc(F)c([C@@H](O)[C@H](O)[C@@H]3CC[C@@H](NCc4cc5c(cn4)OCCO5)CO3)c2n1,IC50,125.0,nM,=,CHEMBL2426901,CHEMBL3038482,6.903089986991944,486.5000000000003,1.6754,3,10,128.08,7,5,3,1
CHEMBL2424834,COc1cc(F)c2nccc([C@@H](O)[C@H](O)[C@@H]3CC[C@@H](NCc4ccc5c(n4)NC(=O)CS5)CO3)c2c1,IC50,125.0,nM,=,CHEMBL2426901,CHEMBL3038482,6.903089986991944,514.5790000000003,2.553400000000001,4,9,125.83,7,5,3,1
CHEMBL2424660,COc1ccc2ncc(F)c([C@@H](O)[C@H](O)[C@@H]3CC[C@@H](NCc4ccc5c(n4)NC(=O)CS5)CO3)c2c1,IC50,125.0,nM,=,CHEMBL2426901,CHEMBL3038482,6.903089986991944,514.5790000000003,2.553400000000001,4,9,125.83,7,5,3,1
CHEMBL2424891,COc1cnc2cccc([C@@H](O)[C@H](O)[C@@H]3CC[C@@H](NCc4ccc5c(n4)NC(=O)CS5)CO3)c2c1,IC50,125.0,nM,=,CHEMBL2426901,CHEMBL3038482,6.903089986991944,496.5890000000003,2.4143,4,9,125.83,7,5,3,1
CHEMBL2424887,COc1ccc2nccc([C@@H](O)[C@H](O)[C@H]3CC[C@H](NCc4ccc5c(n4)NC(=O)CS5)CO3)c2n1,IC50,125.0,nM,=,CHEMBL2426901,CHEMBL3038482,6.903089986991944,497.5770000000003,1.8093,4,10,138.72,7,5,3,1
CHEMBL2424882,COc1ccc2nccc(/C=C/[C@@H]3CC[C@@H](NCc4cc5c(cn4)OCCO5)CO3)c2n1,IC50,125.0,nM,=,CHEMBL2426901,CHEMBL3038482,6.903089986991944,434.49600000000027,3.1552000000000016,1,8,87.62,6,5,3,1
CHEMBL2424881,COc1ccc2nccc(/C=C/[C@@H]3CC[C@@H](NCc4ccc5c(n4)NC(=O)CS5)CO3)c2n1,IC50,125.0,nM,=,CHEMBL2426901,CHEMBL3038482,6.903089986991944,463.5630000000002,3.428200000000001,2,8,98.26,6,5,3,1
CHEMBL2424880,COc1ccc2nccc(C(O)C[C@@H]3CC[C@@H](NCc4cc5c(cn4)OCCO5)CO3)c2n1,IC50,125.0,nM,=,CHEMBL2426901,CHEMBL3038482,6.903089986991944,452.5110000000003,2.5655,2,9,107.85000000000002,7,5,3,1
CHEMBL2424898,COc1ccc2nccc(NC(=O)[C@@H]3CC[C@@H](NCc4cc5c(cn4)OCCO5)CO3)c2n1,IC50,125.0,nM,=,CHEMBL2426901,CHEMBL3038482,6.903089986991944,451.4830000000004,2.0805,2,9,116.72,6,5,3,1
CHEMBL2424897,COc1ccc2nccc(NC(=O)[C@@H]3CC[C@@H](NCc4ccc5c(n4)NC(=O)CS5)CO3)c2n1,IC50,125.0,nM,=,CHEMBL2426901,CHEMBL3038482,6.903089986991944,480.5500000000003,2.3534999999999995,3,9,127.36,6,5,3,1
CHEMBL2424895,COc1ccc2nccc(OC[C@@H]3CC[C@@H](NCc4ccc5c(n4)NC(=O)CS5)CO3)c2n1,IC50,125.0,nM,=,CHEMBL2426901,CHEMBL3038482,6.903089986991944,467.5510000000002,2.7938,2,9,107.49,7,5,3,1
CHEMBL2424894,O=c1ccc2ccc(F)c3c2n1CC3CN1CCC(NCc2cc3c(cn2)OCCO3)CC1,IC50,125.0,nM,=,CHEMBL2426901,CHEMBL3038482,6.903089986991944,450.5140000000003,2.658200000000001,1,6,68.62,5,6,3,1
CHEMBL2424877,COc1ccc2ncc(F)c([C@@H](O)[C@H](O)[C@@H]3CC[C@@H](NCc4cc5c(cn4)OCCS5)CO3)c2n1,IC50,30.0,nM,=,CHEMBL2426901,CHEMBL3038482,7.522878745280337,502.5680000000003,2.388700000000001,3,10,118.85,7,5,3,1
CHEMBL2424876,COc1ccc2ncc(F)c([C@@H](O)[C@H](O)[C@@H]3CC[C@@H](NCc4cc5c(cn4)OCCO5)CO3)c2n1,IC50,30.0,nM,=,CHEMBL2426901,CHEMBL3038482,7.522878745280337,486.50000000000034,1.6754,3,10,128.08,7,5,3,1
CHEMBL2424874,COc1cnc2ccc(F)c([C@@H](O)[C@H](O)[C@@H]3CC[C@@H](NCc4cc5c(cn4)OCCS5)CO3)c2n1,IC50,30.0,nM,=,CHEMBL2426901,CHEMBL3038482,7.522878745280337,502.56800000000027,2.388700000000001,3,10,118.85,7,5,3,1
CHEMBL2424836,COc1cnc2cccc([C@@H](O)[C@H](O)[C@@H]3CC[C@@H](NCc4ccc5c(n4)NC(=O)CS5)CO3)c2n1,IC50,30.0,nM,=,CHEMBL2426901,CHEMBL3038482,7.522878745280337,497.5770000000003,1.8093,4,10,138.72,7,5,3,1
CHEMBL2424833,COc1ccc2ncc(F)c([C@@H](O)[C@H](O)[C@@H]3CC[C@@H](NCc4ccc5c(n4)NC(=O)CS5)CO3)c2n1,IC50,30.0,nM,=,CHEMBL2426901,CHEMBL3038482,7.522878745280337,515.5670000000002,1.9484,4,10,138.72,7,5,3,1
CHEMBL2424892,COc1cnc2ccc(F)c([C@@H](O)[C@H](O)[C@@H]3CC[C@@H](NCc4ccc5c(n4)NC(=O)CS5)CO3)c2n1,IC50,30.0,nM,=,CHEMBL2426901,CHEMBL3038482,7.522878745280337,515.5670000000002,1.9484,4,10,138.72,7,5,3,1
CHEMBL2424890,COc1ccc2cccc([C@@H](O)[C@H](O)[C@@H]3CC[C@@H](NCc4ccc5c(n4)NC(=O)CS5)CO3)c2n1,IC50,30.0,nM,=,CHEMBL2426901,CHEMBL3038482,7.522878745280337,496.5890000000003,2.4143,4,9,125.83,7,5,3,1
CHEMBL2424889,COc1ccc2nccc([C@H](O)[C@@H](O)[C@H]3CC[C@H](NCc4ccc5c(n4)NC(=O)CS5)CO3)c2n1,IC50,30.0,nM,=,CHEMBL2426901,CHEMBL3038482,7.522878745280337,497.5770000000003,1.8093,4,10,138.72,7,5,3,1
CHEMBL2424886,COc1ccc2nccc([C@@H](O)[C@H](O)[C@@H]3CC[C@@H](NCc4cc5c(cn4)OCCO5)CO3)c2n1,IC50,30.0,nM,=,CHEMBL2426901,CHEMBL3038482,7.522878745280337,468.51000000000033,1.5362999999999998,3,10,128.08,7,5,3,1
CHEMBL2424883,COc1ccc2nccc(CC[C@@H]3CC[C@@H](NCc4ccc5c(n4)NC(=O)CS5)CO3)c2n1,IC50,30.0,nM,=,CHEMBL2426901,CHEMBL3038482,7.522878745280337,465.5790000000002,3.3476000000000017,2,8,98.26,7,5,3,1
CHEMBL2165064,N#Cc1ccc2ccc(=O)n(CCN3CC[C@H](NCc4cc5c(cn4)OCCO5)[C@H](F)C3)c2c1,IC50,30.0,nM,=,CHEMBL2426901,CHEMBL3038482,7.522878745280337,463.51300000000026,2.24158,1,7,92.41,6,5,3,1
CHEMBL2424893,COc1ccc2nccc(NC(=O)[C@H]3CC[C@H](NCc4ccc5c(n4)NC(=O)CS5)CC3)c2n1,IC50,30.0,nM,=,CHEMBL2426901,CHEMBL3038482,7.522878745280337,478.5780000000003,3.364700000000002,3,8,118.13,6,5,3,1
CHEMBL2424885,COc1ccc2nccc([C@@H](O)[C@H](O)[C@@H]3CC[C@@H](NCc4ccc5c(n4)NC(=O)CS5)CO3)c2n1,IC50,30.0,nM,<,CHEMBL2426901,CHEMBL3038482,7.522878745280337,497.5770000000003,1.8093,4,10,138.72,7,5,3,1
CHEMBL2424884,COc1ccc2nccc(CC[C@@H]3CC[C@@H](NCc4cc5c(cn4)OCCO5)CO3)c2n1,IC50,30.0,nM,<,CHEMBL2426901,CHEMBL3038482,7.522878745280337,436.5120000000002,3.074600000000001,1,8,87.62,7,5,3,1
CHEMBL2424899,COc1ccc2nccc(C(O)C[C@@H]3CC[C@@H](NCc4ccc5c(n4)NC(=O)CS5)CO3)c2n1,IC50,30.0,nM,<,CHEMBL2426901,CHEMBL3038482,7.522878745280337,481.57800000000026,2.8385000000000007,3,9,118.49,7,5,3,1
CHEMBL3094364,CCNC(=O)Nc1nc2cc(-c3cnc(N4CCCC(C)(C(=O)O)CC4)nc3)cc(-c3ccccn3)c2s1,IC50,0.006,ug.mL-1,=,CHEMBL3097470,CHEMBL3038482,11.221848749616356,531.6420000000003,5.037900000000005,3,8,133.23000000000002,6,5,4,1
CHEMBL3094362,CCNC(=O)Nc1nc2cc(-c3cnc(N4CCC(C)(C(=O)O)C4)nc3)cc(-c3ccccn3)c2s1,IC50,0.04,ug.mL-1,=,CHEMBL3097470,CHEMBL3038482,10.397940008672036,503.5880000000002,4.2577000000000025,3,8,133.23000000000002,6,5,4,1
CHEMBL3094361,CCNC(=O)Nc1nc2cc(-c3cnc(N4CCCC4(C)C(=O)O)nc3)cc(-c3ccccn3)c2s1,IC50,0.005,ug.mL-1,=,CHEMBL3097470,CHEMBL3038482,11.30102999566398,503.5880000000002,4.400200000000003,3,8,133.23000000000002,6,5,4,1
CHEMBL3094360,CCNC(=O)Nc1nc2cc(-c3nc(N4CCC(C)(C(=O)O)CC4)ns3)cc(-c3ccccn3)c2s1,IC50,0.056,ug.mL-1,=,CHEMBL3097470,CHEMBL3038482,10.2518119729938,523.6440000000002,4.709300000000003,3,9,133.23000000000002,6,5,4,1
CHEMBL3094359,CCNC(=O)Nc1nc2cc(-c3cncc(N4CCC(C)(C(=O)O)CC4)c3)cc(-c3ccccn3)c2s1,IC50,0.015,ug.mL-1,=,CHEMBL3097470,CHEMBL3038482,10.82390874094432,516.6270000000003,5.252800000000004,3,7,120.34,6,5,4,1
CHEMBL3094358,CCNC(=O)Nc1nc2cc(-c3cnc(N4CCC(C)(C(=O)O)CC4)cn3)cc(-c3ccccn3)c2s1,IC50,0.02,ug.mL-1,=,CHEMBL3097470,CHEMBL3038482,10.69897000433602,517.6150000000002,4.647800000000004,3,8,133.23000000000002,6,5,4,1
CHEMBL3094357,CCNC(=O)Nc1nc2cc(-c3ccc(N4CCC(C)(C(=O)O)CC4)nc3)cc(-c3ccccn3)c2s1,IC50,0.012,ug.mL-1,=,CHEMBL3097470,CHEMBL3038482,10.920818753952377,516.6270000000002,5.252800000000004,3,7,120.34000000000002,6,5,4,1
CHEMBL3094353,CCNC(=O)Nc1nc2cc(-c3cnc(N4CCC(C(=O)O)(C(F)(F)F)CC4)nc3)cc(-c3ccccn3)c2s1,IC50,0.016,ug.mL-1,=,CHEMBL3097470,CHEMBL3038482,10.795880017344077,571.5850000000002,5.190200000000004,3,8,133.23000000000002,6,5,4,1
CHEMBL3094351,CCNC(=O)Nc1nc2cc(-c3cnc(N4CCC(CC)(C(=O)O)CC4)nc3)cc(-c3ccccn3)c2s1,IC50,0.012,ug.mL-1,=,CHEMBL3097470,CHEMBL3038482,10.920818753952377,531.6420000000003,5.037900000000005,3,8,133.23000000000002,7,5,4,1
CHEMBL3094350,CCNC(=O)Nc1nc2cc(-c3cnc(N4CCC(C)(C(=O)O)CC4)nc3)cc(-c3ccccn3)c2s1,IC50,0.008,ug.mL-1,=,CHEMBL3097470,CHEMBL3038482,11.096910013008056,517.6150000000002,4.647800000000004,3,8,133.23000000000002,6,5,4,1
CHEMBL3094349,CCNC(=O)Nc1nc2cc(-c3cnc(N4CCC(C(=O)O)CC4)nc3)cc(-c3ccccn3)c2s1,IC50,0.01,ug.mL-1,=,CHEMBL3097470,CHEMBL3038482,11.0,503.58800000000025,4.2577000000000025,3,8,133.23000000000002,6,5,4,1
CHEMBL3094348,CCNC(=O)Nc1nc2cc(-c3ccc(C(=O)O)nc3)cc(-c3ccccn3)c2s1,IC50,0.001,ug.mL-1,=,CHEMBL3097470,CHEMBL3038482,12.0,419.4660000000001,4.259900000000002,3,6,117.1,5,4,4,1
CHEMBL3094347,CCNC(=O)Nc1nc2cc(-c3cccnc3)cc(-c3ccccn3)c2s1,IC50,0.014,ug.mL-1,=,CHEMBL3097470,CHEMBL3038482,10.853871964321762,375.4570000000001,4.561700000000003,2,5,79.8,4,4,4,1
CHEMBL3288810,COc1ccc2ncc(F)c(CCC34CCC(NCc5ccc6c(n5)NC(=O)CO6)(CC3)CO4)c2n1.Cl,IC50,220.0,nM,=,CHEMBL3295905,CHEMBL3038482,6.657577319177793,530.0000000000003,3.7294000000000014,2,8,107.49,7,7,3,1
CHEMBL3288811,COc1ccc2ncc(F)c(C[C@H](O)C34CCC(NCc5ccc6c(n5)NC(=O)CO6)(CC3)CO4)c2n1.Cl,IC50,1020.0,nM,=,CHEMBL3295905,CHEMBL3038482,5.991399828238082,545.9990000000004,2.700200000000001,3,9,127.72,7,7,3,0
CHEMBL3344005,O=C(O)CC(=O)Nc1ccc(-c2nc3ccccc3[nH]2)cc1,IC50,6125.0,nM,=,CHEMBL3388391,CHEMBL3038482,5.21289390696343,295.298,2.6431000000000004,3,3,95.07999999999998,4,3,3,0
CHEMBL3344006,O=C(O)CCC(=O)Nc1ccc(-c2nc3ccccc3[nH]2)cc1,IC50,6125.0,nM,=,CHEMBL3388391,CHEMBL3038482,5.21289390696343,309.32500000000005,3.033200000000001,3,3,95.07999999999998,5,3,3,0
CHEMBL3344007,COC(=O)CCCC(=O)Nc1ccc(-c2nc3ccccc3[nH]2)cc1,IC50,25000.0,nM,=,CHEMBL3388391,CHEMBL3038482,4.6020599913279625,337.3790000000001,3.511700000000001,2,4,84.08000000000001,6,3,3,0
CHEMBL3344008,O=C(O)CCCCC(=O)Nc1ccc(-c2nc3ccccc3[nH]2)cc1,IC50,6125.0,nM,=,CHEMBL3388391,CHEMBL3038482,5.21289390696343,337.3790000000001,3.8134000000000015,3,3,95.07999999999998,7,3,3,0
CHEMBL3344009,O=C(O)CC(=O)Nc1ccc(-c2nc3cc(F)ccc3[nH]2)cc1,IC50,16310.0,nM,=,CHEMBL3388391,CHEMBL3038482,4.787546038959724,313.288,2.7822000000000005,3,3,95.07999999999998,4,3,3,0
CHEMBL3344010,O=C(O)CCC(=O)Nc1ccc(-c2nc3cc(F)ccc3[nH]2)cc1,IC50,12000.0,nM,=,CHEMBL3388391,CHEMBL3038482,4.920818753952375,327.315,3.1723000000000017,3,3,95.07999999999998,5,3,3,0
CHEMBL3344011,O=C(O)CCCC(=O)Nc1ccc(-c2nc3cc(F)ccc3[nH]2)cc1,IC50,1130.0,nM,=,CHEMBL3388391,CHEMBL3038482,5.94692155651658,341.34200000000004,3.562400000000001,3,3,95.07999999999998,6,3,3,0
CHEMBL3344012,COC(=O)CCCC(=O)Nc1ccc(-c2nc3cc(F)ccc3[nH]2)cc1,IC50,10700.0,nM,=,CHEMBL3388391,CHEMBL3038482,4.97061622231479,355.3690000000001,3.650800000000001,2,4,84.08000000000001,6,3,3,0
CHEMBL3344013,O=C(O)CCCCC(=O)Nc1ccc(-c2nc3cc(F)ccc3[nH]2)cc1,IC50,7100.0,nM,=,CHEMBL3388391,CHEMBL3038482,5.1487416512809245,355.3690000000001,3.9525000000000015,3,3,95.07999999999998,7,3,3,0
CHEMBL3344014,O=C(O)CC(=O)Nc1ccc(-c2nc3cc(Cl)ccc3[nH]2)cc1,IC50,18210.0,nM,=,CHEMBL3388391,CHEMBL3038482,4.73969005420508,329.743,3.296500000000001,3,3,95.07999999999998,4,3,3,0
CHEMBL3344015,O=C(O)CCC(=O)Nc1ccc(-c2nc3cc(Cl)ccc3[nH]2)cc1,IC50,9800.0,nM,=,CHEMBL3388391,CHEMBL3038482,5.008773924307505,343.77000000000004,3.686600000000002,3,3,95.07999999999998,5,3,3,0
CHEMBL3344016,O=C(O)CCCC(=O)Nc1ccc(-c2nc3cc(Cl)ccc3[nH]2)cc1,IC50,9130.0,nM,=,CHEMBL3388391,CHEMBL3038482,5.039529222465701,357.7970000000001,4.076700000000002,3,3,95.07999999999998,6,3,3,0
CHEMBL3344017,COC(=O)CCCC(=O)Nc1ccc(-c2nc3cc(Cl)ccc3[nH]2)cc1,IC50,22190.0,nM,=,CHEMBL3388391,CHEMBL3038482,4.653842697767992,371.8240000000001,4.1651000000000025,2,4,84.08000000000001,6,3,3,0
CHEMBL3344018,O=C(O)CCCCC(=O)Nc1ccc(-c2nc3cc(Cl)ccc3[nH]2)cc1,IC50,8910.0,nM,=,CHEMBL3388391,CHEMBL3038482,5.050122295963125,371.8240000000001,4.466800000000003,3,3,95.07999999999998,7,3,3,0
CHEMBL3344019,O=C(O)CC(=O)Nc1ccc(-c2nc3cc([N+](=O)[O-])ccc3[nH]2)cc1,IC50,2230.0,nM,=,CHEMBL3388391,CHEMBL3038482,5.651695136951839,340.295,2.5513000000000003,3,5,138.22,5,3,3,0
CHEMBL3344020,O=C(O)CCC(=O)Nc1ccc(-c2nc3cc([N+](=O)[O-])ccc3[nH]2)cc1,IC50,8320.0,nM,=,CHEMBL3388391,CHEMBL3038482,5.079876673709276,354.32200000000006,2.9414000000000007,3,5,138.22,6,3,3,0
CHEMBL3344021,O=C(O)CCCC(=O)Nc1ccc(-c2nc3cc([N+](=O)[O-])ccc3[nH]2)cc1,IC50,6120.0,nM,=,CHEMBL3388391,CHEMBL3038482,5.213248577854439,368.3490000000001,3.331500000000001,3,5,138.22,7,3,3,0
CHEMBL3344022,COC(=O)CCCC(=O)Nc1ccc(-c2nc3cc([N+](=O)[O-])ccc3[nH]2)cc1,IC50,5300.0,nM,=,CHEMBL3388391,CHEMBL3038482,5.275724130399211,382.37600000000015,3.419900000000001,2,6,127.22,7,3,3,0
CHEMBL3344023,O=C(O)CCCCC(=O)Nc1ccc(-c2nc3cc([N+](=O)[O-])ccc3[nH]2)cc1,IC50,6090.0,nM,=,CHEMBL3388391,CHEMBL3038482,5.215382707367125,382.37600000000015,3.721600000000002,3,5,138.22,8,3,3,0
CHEMBL3344024,COc1ccc2[nH]c(-c3ccc(NC(=O)CC(=O)O)cc3)nc2c1,IC50,18360.0,nM,=,CHEMBL3388391,CHEMBL3038482,4.7361273231347765,325.324,2.6517,3,4,104.31,5,3,3,0
CHEMBL3344025,COc1ccc2[nH]c(-c3ccc(NC(=O)CCC(=O)O)cc3)nc2c1,IC50,11300.0,nM,=,CHEMBL3388391,CHEMBL3038482,4.94692155651658,339.35100000000006,3.0418000000000003,3,4,104.31,6,3,3,0
CHEMBL3344026,COc1ccc2[nH]c(-c3ccc(NC(=O)CCCC(=O)O)cc3)nc2c1,IC50,5320.0,nM,=,CHEMBL3388391,CHEMBL3038482,5.274088367704952,353.37800000000004,3.431900000000001,3,4,104.31,7,3,3,0
CHEMBL3344027,COC(=O)CCCC(=O)Nc1ccc(-c2nc3cc(OC)ccc3[nH]2)cc1,IC50,12500.0,nM,=,CHEMBL3388391,CHEMBL3038482,4.903089986991944,367.40500000000014,3.520300000000001,2,5,93.31,7,3,3,0
CHEMBL3344028,COc1ccc2[nH]c(-c3ccc(NC(=O)CCCCC(=O)O)cc3)nc2c1,IC50,12500.0,nM,=,CHEMBL3388391,CHEMBL3038482,4.903089986991944,367.4050000000001,3.822000000000002,3,4,104.31,8,3,3,0
CHEMBL3344029,O=C(O)CC(=O)Nc1ccc(-c2nc3cccnc3[nH]2)cc1,IC50,8900.0,nM,=,CHEMBL3388391,CHEMBL3038482,5.050609993355087,296.286,2.0381,3,4,107.97,4,3,3,0
CHEMBL3344030,O=C(O)CCC(=O)Nc1ccc(-c2nc3cccnc3[nH]2)cc1,IC50,3125.0,nM,=,CHEMBL3388391,CHEMBL3038482,5.505149978319906,310.31300000000005,2.4282000000000004,3,4,107.97,5,3,3,0
CHEMBL3344031,O=C(O)CCCC(=O)Nc1ccc(-c2nc3cccnc3[nH]2)cc1,IC50,6980.0,nM,=,CHEMBL3388391,CHEMBL3038482,5.156144577376839,324.34000000000003,2.8183000000000007,3,4,107.97,6,3,3,0
CHEMBL3344032,COC(=O)CCCC(=O)Nc1ccc(-c2nc3cccnc3[nH]2)cc1,IC50,6800.0,nM,=,CHEMBL3388391,CHEMBL3038482,5.167491087293763,338.3670000000001,2.9067000000000007,2,5,96.97,6,3,3,0
CHEMBL3344033,O=C(O)CCCCC(=O)Nc1ccc(-c2nc3cccnc3[nH]2)cc1,IC50,2100.0,nM,=,CHEMBL3388391,CHEMBL3038482,5.6777807052660805,338.3670000000001,3.208400000000001,3,4,107.97,7,3,3,0
CHEMBL3344034,O=C(O)COCC(=O)Nc1ccc(-c2nc3ccccc3[nH]2)cc1,IC50,4810.0,nM,=,CHEMBL3388391,CHEMBL3038482,5.317854923626168,325.324,2.2696,3,4,104.31,6,3,3,0
CHEMBL3344035,O=C(O)CSCC(=O)Nc1ccc(-c2nc3ccccc3[nH]2)cc1,IC50,12500.0,nM,=,CHEMBL3388391,CHEMBL3038482,4.903089986991944,341.39200000000005,2.986200000000001,3,4,95.07999999999998,6,3,3,0
CHEMBL3344036,O=C(O)COCC(=O)Nc1ccc(-c2nc3cc(F)ccc3[nH]2)cc1,IC50,2900.0,nM,=,CHEMBL3388391,CHEMBL3038482,5.537602002101044,343.314,2.4087,3,4,104.31,6,3,3,0
CHEMBL3344037,O=C(O)CSCC(=O)Nc1ccc(-c2nc3cc(F)ccc3[nH]2)cc1,IC50,4800.0,nM,=,CHEMBL3388391,CHEMBL3038482,5.318758762624412,359.38200000000006,3.125300000000001,3,4,95.07999999999998,6,3,3,0
CHEMBL3344038,O=C(O)COCC(=O)Nc1ccc(-c2nc3cc(Cl)ccc3[nH]2)cc1,IC50,12500.0,nM,=,CHEMBL3388391,CHEMBL3038482,4.903089986991944,359.76900000000006,2.923000000000001,3,4,104.31,6,3,3,0
CHEMBL3344039,O=C(O)CSCC(=O)Nc1ccc(-c2nc3cc(Cl)ccc3[nH]2)cc1,IC50,12100.0,nM,=,CHEMBL3388391,CHEMBL3038482,4.91721462968355,375.8370000000001,3.6396000000000015,3,4,95.07999999999998,6,3,3,0
CHEMBL3344040,O=C(O)COCC(=O)Nc1ccc(-c2nc3cc([N+](=O)[O-])ccc3[nH]2)cc1,IC50,5800.0,nM,=,CHEMBL3388391,CHEMBL3038482,5.236572006437063,370.3210000000001,2.1777999999999995,3,6,147.45,7,3,3,0
CHEMBL3341781,O=C(O)CSCC(=O)Nc1ccc(-c2nc3cc([N+](=O)[O-])ccc3[nH]2)cc1,IC50,2100.0,nM,=,CHEMBL3388391,CHEMBL3038482,5.6777807052660805,386.3890000000001,2.894400000000001,3,6,138.22,7,3,3,0
CHEMBL3344041,COc1ccc2[nH]c(-c3ccc(NC(=O)COCC(=O)O)cc3)nc2c1,IC50,3062.0,nM,=,CHEMBL3388391,CHEMBL3038482,5.5139948136377575,355.3500000000001,2.2782,3,5,113.54,7,3,3,0
CHEMBL3344042,COc1ccc2[nH]c(-c3ccc(NC(=O)CSCC(=O)O)cc3)nc2c1,IC50,15980.0,nM,=,CHEMBL3388391,CHEMBL3038482,4.796423225022028,371.4180000000001,2.994800000000001,3,5,104.31,7,3,3,0
CHEMBL3344043,O=C(O)COCC(=O)Nc1ccc(-c2nc3cccnc3[nH]2)cc1,IC50,4700.0,nM,=,CHEMBL3388391,CHEMBL3038482,5.327902142064283,326.312,1.6645999999999996,3,5,117.2,6,3,3,0
CHEMBL3344044,O=C(O)CSCC(=O)Nc1ccc(-c2nc3cccnc3[nH]2)cc1,IC50,1700.0,nM,=,CHEMBL3388391,CHEMBL3038482,5.769551078621726,342.38000000000005,2.3812,3,5,107.97,6,3,3,0
CHEMBL3344003,CCc1cc(=O)nc(SCC(=O)Nc2cccc(C(=O)O)c2)[nH]1,IC50,50000.0,nM,>,CHEMBL3388391,CHEMBL3038482,4.301029995663981,333.369,1.7613,3,5,112.15,6,2,2,0
CHEMBL3343996,O=c1nc(/C=C/c2ccc(/C=C/c3cc(C(F)(F)F)[nH]c(=O)n3)cc2)cc(C(F)(F)F)[nH]1,IC50,24880.0,nM,=,CHEMBL3388391,CHEMBL3038482,4.604149623981219,454.33,4.231600000000001,2,4,91.5,4,3,3,0
CHEMBL3343998,CC(=O)Nc1ccc(OCC[n+]2ccc(CCS(=O)(=O)[O-])cc2)cc1,IC50,45100.0,nM,=,CHEMBL3388391,CHEMBL3038482,4.345823458122039,364.423,1.0992,1,5,99.41,8,2,2,0
CHEMBL3343999,Cc1cc2ncn(CC(O)COc3cccc(C(=O)O)c3)c2cc1C,IC50,3125.0,nM,=,CHEMBL3388391,CHEMBL3038482,5.505149978319906,340.3790000000001,2.79124,2,4,84.58,6,3,3,0
CHEMBL3344000,O=C(O)CCCC(=O)Nc1ccc(-c2nc3ccccc3[nH]2)cc1,IC50,2900.0,nM,=,CHEMBL3388391,CHEMBL3038482,5.537602002101044,323.35200000000003,3.423300000000001,3,3,95.07999999999998,6,3,3,0
CHEMBL3344002,CC(Cc1c[nH]c2ccccc12)NC(=O)CSS(=O)(=O)O,IC50,50000.0,nM,>,CHEMBL3388391,CHEMBL3038482,4.301029995663981,328.415,1.7511,3,4,99.26,6,2,2,0
CHEMBL3344001,O=C(O)CCC(=O)Nc1ccc(NC(=O)c2ccco2)cc1,IC50,3125.0,nM,=,CHEMBL3388391,CHEMBL3038482,5.505149978319906,302.28600000000006,2.3352000000000004,3,4,108.64,6,2,2,0
CHEMBL3344004,CCOc1cc(/C=C(\C#N)c2nc3ccc(C)cc3[nH]2)ccc1OCC(=O)O,IC50,50000.0,nM,>,CHEMBL3388391,CHEMBL3038482,4.301029995663981,377.4000000000001,3.797600000000001,2,5,108.23,7,3,3,0
CHEMBL1572180,Cc1sc2nc(SCC(=O)Nc3cccc(C(=O)O)c3)nc(O)c2c1C,IC50,8220.0,nM,=,CHEMBL3388391,CHEMBL3038482,5.0851281824599495,389.45800000000014,3.442740000000001,3,7,112.41,5,3,3,0
CHEMBL1718255,Cc1sc2nc(SCC(=O)Nc3ccc(Cl)c(C(=O)O)c3)nc(O)c2c1C,IC50,50000.0,nM,>,CHEMBL3388391,CHEMBL3038482,4.301029995663981,423.9030000000002,4.096140000000002,3,7,112.41,5,3,3,0
CHEMBL3343997,CNc1cc(CCNC(=O)c2ccc3oc(O)nc3c2)nc(-c2ccncc2)n1,IC50,50000.0,nM,>,CHEMBL3388391,CHEMBL3038482,4.301029995663981,390.4030000000001,2.3996000000000004,3,8,126.06,6,4,4,0
CHEMBL17157,CC(C)(C)c1ccc(C(O)CCCN2CCC(C(O)(c3ccccc3)c3ccccc3)CC2)cc1,IC50,190000.0,nM,=,CHEMBL3389998,CHEMBL3038482,3.721246399047171,471.6850000000001,6.445800000000008,2,3,43.7,8,4,3,0
CHEMBL3342816,CC(C)c1ccc(C(O)CCCN2CCC(C(O)(c3ccccc3)c3ccccc3)CC2)cc1,IC50,127000.0,nM,=,CHEMBL3389998,CHEMBL3038482,3.896196279044043,457.6580000000001,6.271700000000008,2,3,43.7,9,4,3,0
CHEMBL3342817,Cc1ccc(C(O)CCCN2CCC(C(O)(c3ccccc3)c3ccccc3)CC2)cc1,IC50,500000.0,nM,>,CHEMBL3389998,CHEMBL3038482,3.3010299956639813,429.60400000000016,5.456720000000005,2,3,43.7,8,4,3,0
CHEMBL3342818,OC(CCCN1CCC(C(O)(c2ccccc2)c2ccccc2)CC1)c1ccccc1,IC50,500000.0,nM,>,CHEMBL3389998,CHEMBL3038482,3.3010299956639813,415.57700000000017,5.148300000000005,2,3,43.7,8,4,3,0
CHEMBL3342819,OC(CCCN1CCC(C(O)(c2ccccc2)c2ccccc2)CC1)c1ccc(F)cc1,IC50,500000.0,nM,>,CHEMBL3389998,CHEMBL3038482,3.3010299956639813,433.5670000000002,5.287400000000005,2,3,43.7,8,4,3,0
CHEMBL3342820,OC(CCCN1CCC(C(O)(c2ccccc2)c2ccccc2)CC1)c1ccc(Cl)cc1,IC50,133000.0,nM,=,CHEMBL3389998,CHEMBL3038482,3.876148359032914,450.02200000000016,5.801700000000006,2,3,43.7,8,4,3,0
CHEMBL3342821,OC(CCCN1CCC(C(O)(c2ccccc2)c2ccccc2)CC1)c1ccc(Br)cc1,IC50,500000.0,nM,>,CHEMBL3389998,CHEMBL3038482,3.3010299956639813,494.4730000000002,5.910800000000006,2,3,43.7,8,4,3,0
CHEMBL3342822,COc1ccc(C(O)CCCN2CCC(C(O)(c3ccccc3)c3ccccc3)CC2)cc1,IC50,500000.0,nM,>,CHEMBL3389998,CHEMBL3038482,3.3010299956639813,445.6030000000001,5.156900000000006,2,4,52.93000000000001,9,4,3,0
CHEMBL3342823,O=C(OO)c1ccc(C(O)CCCN2CCC(C(O)(c3ccccc3)c3ccccc3)CC2)cc1,IC50,440000.0,nM,=,CHEMBL3389998,CHEMBL3038482,3.356547323513813,475.5850000000001,4.778100000000005,3,6,90.23,9,4,3,0
CHEMBL3342824,CC(C)(C)c1ccc(C(O)CCCCN2CCC(C(O)(c3ccccc3)c3ccccc3)CC2)cc1,IC50,100000.0,nM,=,CHEMBL3389998,CHEMBL3038482,4.0,485.7120000000001,6.8359000000000085,2,3,43.7,9,4,3,0
CHEMBL3342825,CC(C)(C)c1ccc(C(O)CCN2CCC(C(O)(c3ccccc3)c3ccccc3)CC2)cc1,IC50,133000.0,nM,=,CHEMBL3389998,CHEMBL3038482,3.876148359032914,457.6580000000001,6.055700000000007,2,3,43.7,7,4,3,0
CHEMBL3342826,CC(C)(C)c1ccc(C(O)CN2CCC(C(O)(c3ccccc3)c3ccccc3)CC2)cc1,IC50,73000.0,nM,=,CHEMBL3389998,CHEMBL3038482,4.136677139879544,443.6310000000001,5.665600000000006,2,3,43.7,6,4,3,0
CHEMBL3342827,O=C(O)c1ccc(C(O)CCCN2CCC(C(O)(c3ccccc3)c3ccccc3)CC2)cc1,IC50,500000.0,nM,>,CHEMBL3389998,CHEMBL3038482,3.3010299956639813,459.5860000000001,4.846500000000005,3,4,81.0,9,4,3,0
CHEMBL3342828,OC(CCCN1CCC(C(O)(c2ccccc2)c2ccccc2)CC1)c1ccc(-c2ccccc2)cc1,IC50,13000.0,nM,=,CHEMBL3389998,CHEMBL3038482,4.886056647693163,491.6750000000002,6.815300000000008,2,3,43.7,9,5,4,0
CHEMBL3342829,COC(=O)C(C)(C)c1ccc(C(O)CCCN2CCC(C(O)(c3ccccc3)c3ccccc3)CC2)cc1,IC50,500000.0,nM,>,CHEMBL3389998,CHEMBL3038482,3.3010299956639813,515.6940000000003,5.598900000000006,2,5,70.0,10,4,3,0
CHEMBL914,CC(C)(C(=O)O)c1ccc(C(O)CCCN2CCC(C(O)(c3ccccc3)c3ccccc3)CC2)cc1,IC50,500000.0,nM,>,CHEMBL3389998,CHEMBL3038482,3.3010299956639813,501.66700000000014,5.510500000000006,3,4,81.0,10,4,3,0
CHEMBL3342830,CC(C)(C)c1ccc(CCCCN2CCC(C(O)(c3ccccc3)c3ccccc3)CC2)cc1,IC50,93000.0,nM,=,CHEMBL3389998,CHEMBL3038482,4.031517051446065,455.6860000000001,6.954900000000009,1,2,23.47,8,4,3,0
CHEMBL3342831,CC(C)(C)c1ccc(CCCN2CCC(C(O)(c3ccccc3)c3ccccc3)CC2)cc1,IC50,93000.0,nM,=,CHEMBL3389998,CHEMBL3038482,4.031517051446065,441.6590000000001,6.564800000000009,1,2,23.47,7,4,3,0
CHEMBL3342832,CC(C)(C)c1ccc(CCN2CCC(C(O)(c3ccccc3)c3ccccc3)CC2)cc1,IC50,93000.0,nM,=,CHEMBL3389998,CHEMBL3038482,4.031517051446065,427.6320000000001,6.174700000000008,1,2,23.47,6,4,3,0
CHEMBL3342833,CC(C)(C)c1ccc(CN2CCC(C(O)(c3ccccc3)c3ccccc3)CC2)cc1,IC50,90000.0,nM,=,CHEMBL3389998,CHEMBL3038482,4.045757490560675,413.6050000000001,6.132200000000008,1,2,23.47,5,4,3,0
CHEMBL3342834,CC(C)(C)c1ccc(NCCCN2CCC(C(O)(c3ccccc3)c3ccccc3)CC2)cc1,IC50,193000.0,nM,=,CHEMBL3389998,CHEMBL3038482,3.714442690992226,456.6740000000001,6.434200000000008,2,3,35.5,8,4,3,0
CHEMBL3342835,CC(C)(C)c1ccc(OCCCN2CCC(C(O)(c3ccccc3)c3ccccc3)CC2)cc1,IC50,100000.0,nM,=,CHEMBL3389998,CHEMBL3038482,4.0,457.6580000000001,6.401100000000008,1,3,32.7,8,4,3,0
CHEMBL3342836,CC(C)(C)c1ccc(C(N)CCCN2CCC(C(O)(c3ccccc3)c3ccccc3)CC2)cc1,IC50,500000.0,nM,>,CHEMBL3389998,CHEMBL3038482,3.3010299956639813,470.7010000000001,6.412200000000008,2,3,49.49,8,4,3,0
CHEMBL432527,CC(C)(C)c1ccc([C@@H](O)CCCN2CCC(C(O)(c3ccccc3)c3ccccc3)CC2)cc1,IC50,127000.0,nM,=,CHEMBL3389998,CHEMBL3038482,3.896196279044043,471.6850000000001,6.445800000000008,2,3,43.7,8,4,3,0
CHEMBL303454,CC(C)(C)c1ccc([C@H](O)CCCN2CCC(C(O)(c3ccccc3)c3ccccc3)CC2)cc1,IC50,410000.0,nM,=,CHEMBL3389998,CHEMBL3038482,3.3872161432802645,471.6850000000001,6.445800000000008,2,3,43.7,8,4,3,0
CHEMBL205154,CC(C)(C)c1ccc(C(=O)CCCN2CCC(C(O)(c3ccccc3)c3ccccc3)CC2)cc1,IC50,93000.0,nM,=,CHEMBL3389998,CHEMBL3038482,4.031517051446065,469.6690000000001,6.595100000000008,1,3,40.540000000000006,8,4,3,0
CHEMBL3343193,CC(C)(C)c1ccc(C(=O)CCN2CCC(C(O)(c3ccccc3)c3ccccc3)CC2)cc1,IC50,90000.0,nM,=,CHEMBL3389998,CHEMBL3038482,4.045757490560675,455.6420000000001,6.205000000000007,1,3,40.540000000000006,7,4,3,0
CHEMBL3343194,CC(C)(C)c1ccc(C(=O)CN2CCC(C(O)(c3ccccc3)c3ccccc3)CC2)cc1,IC50,73000.0,nM,=,CHEMBL3389998,CHEMBL3038482,4.136677139879544,441.6150000000001,5.814900000000006,1,3,40.540000000000006,6,4,3,0
CHEMBL3343195,CC(C)(C)c1ccc(C(=O)N2CCC(C(O)(c3ccccc3)c3ccccc3)CC2)cc1,IC50,93000.0,nM,=,CHEMBL3389998,CHEMBL3038482,4.031517051446065,427.58800000000014,5.7724000000000055,1,2,40.540000000000006,4,4,3,0
CHEMBL3343196,CC(C)(C)c1cccc(CCN2CCC(C(O)(c3ccccc3)c3ccccc3)CC2)c1,IC50,93000.0,nM,=,CHEMBL3389998,CHEMBL3038482,4.031517051446065,427.63200000000006,6.174700000000008,1,2,23.47,6,4,3,0
CHEMBL3343198,OC(c1ccccc1)(c1ccccc1)C1CCN(CCc2ccc(F)cc2)CC1,IC50,333000.0,nM,>,CHEMBL3389998,CHEMBL3038482,3.4775557664936803,389.5140000000001,5.016300000000005,1,2,23.47,6,4,3,0
CHEMBL3343199,OC(c1ccccc1)(c1ccccc1)C1CCN(CCc2ccc(Cl)cc2)CC1,IC50,260000.0,nM,=,CHEMBL3389998,CHEMBL3038482,3.585026652029182,405.96900000000016,5.530600000000005,1,2,23.47,6,4,3,0
CHEMBL3343200,OC(c1ccccc1)(c1ccccc1)C1CCN(CCc2ccc(Br)cc2)CC1,IC50,247000.0,nM,=,CHEMBL3389998,CHEMBL3038482,3.607303046740334,450.4200000000001,5.639700000000006,1,2,23.47,6,4,3,0
CHEMBL3343201,OC(c1ccccc1)(c1ccccc1)C1CCN(CCc2ccc(C(F)(F)F)cc2)CC1,IC50,17000.0,nM,=,CHEMBL3389998,CHEMBL3038482,4.769551078621726,439.5210000000001,5.896000000000005,1,2,23.47,6,4,3,0
CHEMBL3343202,COc1ccc(CCN2CCC(C(O)(c3ccccc3)c3ccccc3)CC2)cc1,IC50,333000.0,nM,>,CHEMBL3389998,CHEMBL3038482,3.4775557664936803,401.5500000000001,4.885800000000005,1,3,32.7,7,4,3,0
CHEMBL3343203,CC(C)(C)c1ccc(CCN2CCC(C(O)(c3ccccc3)c3ccccc3)CC2)cn1,IC50,333000.0,nM,>,CHEMBL3389998,CHEMBL3038482,3.4775557664936803,428.6200000000001,5.569700000000005,1,3,36.36,6,4,3,0
CHEMBL3343204,O=[N+]([O-])c1ccc(CCN2CCC(C(O)(c3ccccc3)c3ccccc3)CC2)cc1,IC50,263000.0,nM,=,CHEMBL3389998,CHEMBL3038482,3.580044251510242,416.5210000000001,4.7854000000000045,1,4,66.61,7,4,3,0
CHEMBL3343205,Nc1ccc(CCN2CCC(C(O)(c3ccccc3)c3ccccc3)CC2)cc1,IC50,93000.0,nM,=,CHEMBL3389998,CHEMBL3038482,4.031517051446065,386.53900000000016,4.459400000000004,2,3,49.49,6,4,3,0
CHEMBL3343206,CN(C)c1ccc(CCN2CCC(C(O)(c3ccccc3)c3ccccc3)CC2)cc1,IC50,333000.0,nM,>,CHEMBL3389998,CHEMBL3038482,3.4775557664936803,414.5930000000001,4.943200000000005,1,3,26.71,7,4,3,0
CHEMBL3343207,OC(c1ccccc1)(c1ccccc1)C1CCN(CCc2ccc(-c3ccccc3)cc2)CC1,IC50,80000.0,nM,=,CHEMBL3389998,CHEMBL3038482,4.096910013008056,447.6220000000002,6.544200000000007,1,2,23.47,7,5,4,0
CHEMBL3343208,OC(c1ccccc1)(c1ccccc1)C1CCN(CCc2ccc(-c3ccncc3)cc2)CC1,IC50,93000.0,nM,=,CHEMBL3389998,CHEMBL3038482,4.031517051446065,448.6100000000002,5.939200000000006,1,3,36.36,7,5,4,0
CHEMBL3343209,OC(c1ccccc1)(c1ccccc1)C1CCN(CCc2ccc(-c3cccnc3)cc2)CC1,IC50,250000.0,nM,=,CHEMBL3389998,CHEMBL3038482,3.6020599913279625,448.6100000000002,5.939200000000007,1,3,36.36,7,5,4,0
CHEMBL3343210,CC1(c2ccc(CCN3CCC(C(O)(c4ccccc4)c4ccccc4)CC3)cc2)COC1,IC50,333000.0,nM,>,CHEMBL3389998,CHEMBL3038482,3.4775557664936803,441.6150000000002,5.165100000000005,1,3,32.7,7,5,3,0
CHEMBL3343216,OC(c1ccccc1)(c1ccccc1)C1CCN(Cc2ccc(-c3ccccc3)cc2)CC1,IC50,125000.0,nM,=,CHEMBL3389998,CHEMBL3038482,3.903089986991944,433.59500000000014,6.501700000000007,1,2,23.47,6,5,4,0
CHEMBL3344284,CC(C)(C)c1ccc(C(O)CCCN2CCC(C(O)c3ccccc3)CC2)cc1,IC50,333000.0,nM,>,CHEMBL3389998,CHEMBL3038482,3.4775557664936803,395.5870000000001,5.243300000000006,2,3,43.7,7,3,2,0
CHEMBL3344285,CC(C)(C)c1ccc(C(O)CCCN2CCC(Cc3ccccc3)CC2)cc1,IC50,333000.0,nM,>,CHEMBL3389998,CHEMBL3038482,3.4775557664936803,379.588,5.752400000000006,1,2,23.47,7,3,2,0
CHEMBL3344385,OC(c1ccccc1)(c1ccccc1)C1CCN(CCCOc2ccc(-c3ccccc3)cc2)CC1,IC50,50000.0,nM,=,CHEMBL3389998,CHEMBL3038482,4.301029995663981,477.64800000000025,6.770600000000008,1,3,32.7,9,5,4,0
CHEMBL3589529,CCOC(=O)C(=O)Nc1nc2c(s1)C[C@@H](NC(=O)c1cc(Br)c(Br)[nH]1)CC2,IC50,80000.0,nM,=,CHEMBL3592256,CHEMBL3038482,4.096910013008056,520.2030000000001,2.785100000000001,3,6,113.18,4,3,2,0
CHEMBL3589530,COC(=O)CC(=O)Nc1nc2c(s1)C[C@@H](NC(=O)c1cc(Br)c(Br)[nH]1)CC2,IC50,110000.0,nM,=,CHEMBL3592256,CHEMBL3038482,3.958607314841775,520.2030000000001,2.785100000000001,3,6,113.18,5,3,2,0
CHEMBL3589534,O=C(O)C(=O)Nc1nc2c(s1)C[C@@H](NC(=O)c1cc(Br)c(Br)[nH]1)CC2,IC50,120000.0,nM,=,CHEMBL3592256,CHEMBL3038482,3.9208187539523753,492.1490000000001,2.3066000000000004,4,5,124.17999999999998,3,3,2,0
CHEMBL3589535,O=C(O)CC(=O)Nc1nc2c(s1)C[C@@H](NC(=O)c1cc(Br)c(Br)[nH]1)CC2,IC50,86000.0,nM,=,CHEMBL3592256,CHEMBL3038482,4.0655015487564325,506.1760000000001,2.6967000000000008,4,5,124.17999999999998,5,3,2,0
CHEMBL3589536,O=C(O)CCC(=O)Nc1nc2c(s1)C[C@@H](NC(=O)c1cc(Br)c(Br)[nH]1)CC2,IC50,270000.0,nM,=,CHEMBL3592256,CHEMBL3038482,3.5686362358410126,520.2030000000001,3.086800000000001,4,5,124.17999999999998,6,3,2,0
CHEMBL3589539,CC(=O)Nc1nc2c(s1)C[C@@H](NC(=O)c1cc(Br)c(Br)[nH]1)CC2,IC50,26000.0,nM,=,CHEMBL3592256,CHEMBL3038482,4.585026652029182,462.1670000000001,3.241900000000001,3,4,86.88,3,3,2,0
CHEMBL3589075,CCOC(=O)C(=O)Nc1nc2c(s1)C[C@@H](NC(=O)c1cc(Cl)c(Cl)[nH]1)CC2,IC50,320000.0,nM,=,CHEMBL3592256,CHEMBL3038482,3.494850021680094,431.30100000000016,2.5669000000000004,3,6,113.18,4,3,2,0
CHEMBL3589078,O=C(O)C(=O)Nc1nc2c(s1)C[C@@H](NC(=O)c1cc(Cl)c(Cl)[nH]1)CC2,IC50,300000.0,nM,=,CHEMBL3592256,CHEMBL3038482,3.5228787452803374,403.2470000000002,2.0884,4,5,124.17999999999998,3,3,2,0
CHEMBL3589080,O=C(O)CCC(=O)Nc1nc2c(s1)C[C@@H](NC(=O)c1cc(Cl)c(Cl)[nH]1)CC2,IC50,10000.0,nM,=,CHEMBL3592256,CHEMBL3038482,5.0,431.30100000000016,2.8686000000000007,4,5,124.17999999999998,6,3,2,0
CHEMBL3634703,CCCCCCCCCCCCCC#CC(=O)Oc1ccc(/C=C/C(=O)/C=C/c2ccc(OC(=O)C#CCCCCCCCCCCCCC)c(OC)c2)cc1OC,IC50,100.2,ug.mL-1,=,CHEMBL3635883,CHEMBL3038482,6.999132278468773,795.1139999999994,13.219299999999976,0,7,88.13000000000002,30,2,2,1
CHEMBL1269411,CCCCCCCCCCCCCCC#CC(=O)O,IC50,26.8,ug.mL-1,=,CHEMBL3635883,CHEMBL3038482,7.5718652059712115,266.4249999999999,5.165600000000004,1,1,37.3,12,0,0,1
CHEMBL531018,Nc1ccc(-c2nc3cc(-c4ccc5[nH]c(-c6ccc(N)cc6)nc5c4)ccc3[nH]2)cc1,IC50,300.0,nM,=,CHEMBL3755243,CHEMBL3038482,6.522878745280337,416.4880000000001,5.604600000000002,4,4,109.4,3,6,6,1
CHEMBL3752020,COc1cccc(-c2nc3ccc(-c4ccc5nc(-c6cccc(OC)c6)[nH]c5c4)cc3[nH]2)c1,IC50,8800.0,nM,=,CHEMBL3755243,CHEMBL3038482,5.055517327849831,446.51000000000016,6.457400000000005,2,4,75.82000000000001,5,6,6,0
CHEMBL3753934,Cc1ccc(-c2nc3ccc(-c4ccc5nc(-c6ccc(C)cc6)[nH]c5c4)cc3[nH]2)cc1,IC50,5600.0,nM,=,CHEMBL3755243,CHEMBL3038482,5.251811972993799,414.5120000000001,7.057040000000006,2,2,57.36,3,6,6,0
CHEMBL3753858,c1cc(-c2nc3cc(-c4ccc5[nH]c(-c6ccncc6)nc5c4)ccc3[nH]2)ccn1,IC50,50000.0,nM,>,CHEMBL3755243,CHEMBL3038482,4.301029995663981,388.4340000000001,5.230200000000004,2,4,83.14,3,6,6,0
CHEMBL3759862,O=c1cc(-c2ccccc2)c2c(-c3cnc(-c4cccnc4)s3)n[nH]c2[nH]1,IC50,1320.0,nM,=,CHEMBL3762665,CHEMBL3038482,5.87942606879415,371.425,4.103700000000003,2,5,87.32,3,5,5,0
CHEMBL3759272,Cc1cc(=O)[nH]c2[nH]nc(-c3cnc(-c4cccnc4)s3)c12,IC50,3248.0,nM,=,CHEMBL3762665,CHEMBL3038482,5.488383979430862,309.35400000000004,2.745120000000001,2,5,87.32000000000001,2,4,4,0
CHEMBL3759063,O=c1ccc2c(-c3cnc(-c4cccnc4)s3)n[nH]c2[nH]1,IC50,265.0,nM,=,CHEMBL3762665,CHEMBL3038482,6.576754126063192,295.327,2.436699999999999,2,5,87.32,2,4,4,1
CHEMBL3808620,O=C(Nc1ccc(N2CCCC(C(=O)O)C2)cc1)c1cc(Br)c(Br)[nH]1,IC50,420000.0,nM,=,CHEMBL3812918,CHEMBL3038482,3.3767507096021,471.149,4.093000000000003,3,3,85.43,4,3,2,0
CHEMBL3809184,O=C(O)C(=O)Nc1ccc(NC(=O)c2cc(Br)c(Br)[nH]2)cc1,IC50,51000.0,nM,=,CHEMBL3812918,CHEMBL3038482,4.292429823902063,431.04,2.8151,4,3,111.29,3,2,2,0
CHEMBL4073079,Cc1[nH]c(C(=O)Nc2ccc(Nc3nc(C(=O)O)no3)cc2)c(Cl)c1Cl,IC50,12000.0,nM,=,CHEMBL4014489,CHEMBL3038482,4.920818753952375,396.19000000000005,3.707020000000001,4,6,133.14,5,3,3,0
CHEMBL4076111,CCNC(=O)Nc1cc2ccccc2cn1,IC50,128000.0,nM,=,CHEMBL4051642,CHEMBL3038482,3.892790030352132,215.256,2.3762000000000008,2,2,54.02,2,2,2,0
CHEMBL4091200,CCNC(=O)Nc1cc2c(-c3ccnc(C)c3)ccc(COC(=O)N[C@@H]3CCNC[C@H]3F)c2cn1,IC50,8.0,nM,=,CHEMBL4051642,CHEMBL3038482,8.096910013008056,480.54400000000027,3.6728200000000015,4,6,117.27,6,4,3,1
CHEMBL4071960,CCNC(=O)Nc1cc2c(-c3ccnc(C)c3)ccc(COC(=O)N[C@@H]3CCNC[C@@H]3F)c2cn1,IC50,8.0,nM,=,CHEMBL4051642,CHEMBL3038482,8.096910013008056,480.54400000000027,3.6728200000000015,4,6,117.27,6,4,3,1
CHEMBL4098937,CCNC(=O)Nc1cc2c(-c3ccnc(C)c3)ccc(COC(=O)NC3CCNCC3)c2cn1,IC50,8.0,nM,=,CHEMBL4051642,CHEMBL3038482,8.096910013008056,462.5540000000003,3.724820000000002,4,6,117.27,6,4,3,1
CHEMBL4066059,CCNC(=O)Nc1cc2c(-c3ccnc(C)c3)ccc(COC(=O)N3CCN(CC4CC4)CC3)c2cn1.Cl,IC50,8.0,nM,=,CHEMBL4051642,CHEMBL3038482,8.096910013008056,539.0800000000005,4.832620000000006,2,6,99.68999999999998,7,5,3,1
CHEMBL4087439,CCNC(=O)Nc1cc2c(-c3ccnc(C)c3)ccc(COC(=O)N3CCN(C)CC3)c2cn1,IC50,8.0,nM,=,CHEMBL4051642,CHEMBL3038482,8.096910013008056,462.5540000000004,3.630620000000003,2,6,99.68999999999998,5,4,3,1
CHEMBL4081451,CCNC(=O)Nc1cc2c(-c3ccnc(C)c3)ccc(COC(=O)N3CCNCC3)c2cn1,IC50,8.0,nM,=,CHEMBL4051642,CHEMBL3038482,8.096910013008056,448.5270000000003,3.288420000000002,3,6,108.48,5,4,3,1
CHEMBL4099469,CCNC(=O)Nc1cc2c(-c3ccnc(C)c3)ccc(CNC(=O)C3CC3)c2cn1,IC50,4.0,nM,<,CHEMBL4051642,CHEMBL3038482,8.397940008672037,403.4860000000002,3.772820000000003,3,4,96.01,6,4,3,1
CHEMBL4083966,CCNC(=O)Nc1cc2c(-c3ccnc(C)c3)ccc(CNC(=O)CCOC)c2cn1,IC50,8.0,nM,=,CHEMBL4051642,CHEMBL3038482,8.096910013008056,421.50100000000026,3.399320000000002,3,5,105.24,8,3,3,1
CHEMBL4100423,CCNC(=O)Nc1cc2c(-c3ccnc(C)c3)ccc(CNC(C)=O)c2cn1,IC50,8.0,nM,=,CHEMBL4051642,CHEMBL3038482,8.096910013008056,377.44800000000015,3.3827200000000017,3,4,96.01,5,3,3,1
CHEMBL4073597,CCNC(=O)Nc1cc2c(-c3ccnc(C)c3)ccc(CNC(=O)OCCO)c2cn1,IC50,30.0,nM,=,CHEMBL4051642,CHEMBL3038482,7.522878745280337,423.4730000000002,2.965120000000001,4,6,125.47,7,3,3,1
CHEMBL4094690,CCNC(=O)Nc1cc2c(-c3ccncc3)ccc(CNC(=O)OCCN3CCOCC3)c2cn1.Cl,IC50,4.0,nM,<,CHEMBL4051642,CHEMBL3038482,8.397940008672037,515.0140000000005,3.4184000000000023,3,7,117.71,8,4,3,1
CHEMBL4077466,CCNC(=O)Nc1cc2c(-c3ccncc3)ccc(CNC(=O)OCCNC)c2cn1,IC50,30.0,nM,=,CHEMBL4051642,CHEMBL3038482,7.522878745280337,422.4890000000002,2.883800000000001,4,6,117.27,8,3,3,1
CHEMBL4070524,CCNC(=O)Nc1cc2c(-c3ccncc3)ccc(CNC(=O)OCCO)c2cn1,IC50,4.0,nM,<,CHEMBL4051642,CHEMBL3038482,8.397940008672037,409.4460000000002,2.6567000000000007,4,6,125.47,7,3,3,1
CHEMBL4099988,CCNC(=O)Nc1cc2c(-c3ccncc3)ccc(CNC(=O)OC(C)C)c2cn1,IC50,4.0,nM,<,CHEMBL4051642,CHEMBL3038482,8.397940008672037,407.47400000000016,4.072800000000003,3,5,105.24,6,3,3,1
CHEMBL4064539,CCNC(=O)Nc1cc2c(-c3ccncc3)ccc(CNC(=O)OC)c2cn1,IC50,4.0,nM,<,CHEMBL4051642,CHEMBL3038482,8.397940008672037,379.4200000000001,3.294200000000002,3,5,105.24,5,3,3,1
CHEMBL4092234,CCNC(=O)Nc1cc2c(-c3ccncc3)ccc(CNC(=O)OCCNCC(C)(C)C)c2cn1,IC50,8.0,nM,=,CHEMBL4051642,CHEMBL3038482,8.096910013008056,478.5970000000003,4.300100000000003,4,6,117.27,9,3,3,1
CHEMBL4091332,CCNC(=O)Nc1cc2c(-c3ccnc(C)c3)ccc(CNC(=O)OC3CCNCC3(F)F)c2cn1,IC50,8.0,nM,=,CHEMBL4051642,CHEMBL3038482,8.096910013008056,498.5340000000003,3.9700200000000025,4,6,117.27,6,4,3,1
CHEMBL4070393,CCNC(=O)Nc1cc2c(-c3ccnc(C)c3)ccc(CNC(=O)OCCOC)c2cn1,IC50,8.0,nM,=,CHEMBL4051642,CHEMBL3038482,8.096910013008056,437.5000000000003,3.619220000000002,3,6,114.47,8,3,3,1
CHEMBL4061762,C#CCOC(=O)NCc1ccc(-c2ccnc(C)c2)c2cc(NC(=O)NCC)ncc12,IC50,8.0,nM,=,CHEMBL4051642,CHEMBL3038482,8.096910013008056,417.46900000000016,3.606020000000002,3,5,105.24,6,3,3,1
CHEMBL4078126,CCNC(=O)Nc1cc2c(-c3ccnc(C)c3)ccc(CNC(=O)OC)c2cn1,IC50,8.0,nM,=,CHEMBL4051642,CHEMBL3038482,8.096910013008056,393.4470000000002,3.6026200000000026,3,5,105.24,5,3,3,1
CHEMBL4096181,CCNC(=O)Nc1cc2c(-c3ccnc(C)c3)ccc(Cn3ccnn3)c2cn1,IC50,8.0,nM,=,CHEMBL4051642,CHEMBL3038482,8.096910013008056,387.4470000000001,3.386420000000003,2,5,97.62,5,4,4,1
CHEMBL4086015,CCNC(=O)Nc1cc2c(-c3ccnc(C)c3)ccc(Cc3cccc(C(=O)O)c3)c2cn1,IC50,8.0,nM,=,CHEMBL4051642,CHEMBL3038482,8.096910013008056,440.5030000000002,5.035620000000004,3,4,104.21,6,4,4,1
CHEMBL4103934,CCNC(=O)Nc1cc2c(-c3ccnc(C)c3)ccc(Cc3cccnc3)c2cn1.Cl,IC50,30.0,nM,=,CHEMBL4051642,CHEMBL3038482,7.522878745280337,433.94300000000015,5.154220000000005,2,4,79.8,5,4,4,1
CHEMBL4093773,CCNC(=O)Nc1cc2c(-c3ccncc3)ccc(Oc3cccnc3)c2cn1,IC50,30.0,nM,=,CHEMBL4051642,CHEMBL3038482,7.522878745280337,385.4270000000001,4.625500000000003,2,5,89.03,5,4,4,1
CHEMBL4066198,CCNC(=O)Nc1cc2c(-c3ccnc(C)c3)ccc(Nc3cccc(C(=O)O)c3)c2cn1,IC50,8.0,nM,=,CHEMBL4051642,CHEMBL3038482,8.096910013008056,441.49100000000016,5.188420000000003,4,5,116.24,6,4,4,1
CHEMBL4101490,CCNC(=O)Nc1cc2c(-c3ccnc(C)c3)ccc(Nc3ccc(C)nc3)c2cn1,IC50,8.0,nM,=,CHEMBL4051642,CHEMBL3038482,8.096910013008056,412.4970000000001,5.193640000000004,3,5,91.83,5,4,4,1
CHEMBL4074808,CCNC(=O)Nc1cc2c(-c3ccncc3)ccc(Nc3cccnc3)c2cn1,IC50,8.0,nM,=,CHEMBL4051642,CHEMBL3038482,8.096910013008056,384.443,4.576800000000003,3,5,91.83,5,4,4,1
CHEMBL4063428,CCNC(=O)Nc1cc2c(-c3ccncc3)ccc(-c3cccnc3)c2cn1,IC50,125.0,nM,=,CHEMBL4051642,CHEMBL3038482,6.903089986991944,369.42800000000005,4.500200000000003,2,4,79.8,4,4,4,1
CHEMBL4085057,CCNC(=O)Nc1cc2c(-c3cnn(C)c3)ccc(C)c2cn1.Cl,IC50,125.0,nM,=,CHEMBL4051642,CHEMBL3038482,6.903089986991944,345.834,3.5069200000000023,2,3,71.84,3,3,3,1
CHEMBL4059472,CCNC(=O)Nc1cc2c(-c3ccncn3)ccc(C)c2cn1,IC50,500.0,nM,=,CHEMBL4051642,CHEMBL3038482,6.301029995663981,307.357,3.1416200000000014,2,4,79.8,3,3,3,1
CHEMBL4075854,CCNC(=O)Nc1cc2c(-c3ccc(C#N)cc3)ccc(C)c2cn1,IC50,30.0,nM,=,CHEMBL4051642,CHEMBL3038482,7.522878745280337,330.3910000000001,4.223300000000003,2,3,77.81,3,3,3,1
CHEMBL4086418,CCNC(=O)Nc1cc2c(-c3ccnc(C)c3)ccc(C)c2cn1,IC50,30.0,nM,=,CHEMBL4051642,CHEMBL3038482,7.522878745280337,320.3960000000001,4.055040000000003,2,3,66.91,3,3,3,1
CHEMBL4074016,CCNC(=O)Nc1cc2c(-c3cncnc3)ccc(C)c2cn1,IC50,500.0,nM,=,CHEMBL4051642,CHEMBL3038482,6.301029995663981,307.357,3.1416200000000014,2,4,79.8,3,3,3,1
CHEMBL4099715,CCNC(=O)Nc1cc2c(-c3ccncc3)ccc(C)c2cn1,IC50,30.0,nM,=,CHEMBL4051642,CHEMBL3038482,7.522878745280337,306.369,3.746620000000002,2,3,66.91,3,3,3,1
CHEMBL4077461,CCNC(=O)Nc1cc2c(-c3cccnc3)ccc(C)c2cn1,IC50,125.0,nM,=,CHEMBL4051642,CHEMBL3038482,6.903089986991944,306.369,3.746620000000002,2,3,66.91,3,3,3,1
CHEMBL4069982,CCNC(=O)Nc1cc2c(-c3cccnc3)cccc2cn1,IC50,8000.0,nM,=,CHEMBL4051642,CHEMBL3038482,5.096910013008056,292.34200000000004,3.438200000000002,2,3,66.91,3,3,3,0
CHEMBL4078780,CCNC(=O)Nc1cc2cccc(C)c2cn1,IC50,8000.0,nM,=,CHEMBL4051642,CHEMBL3038482,5.096910013008056,229.283,2.6846200000000007,2,2,54.02,2,2,2,0
CHEMBL4127899,COc1cc2c(c(O)c1C(C)=O)C(=O)CC(C)(C)O2,IC50,1.86,nM,=,CHEMBL4123988,CHEMBL3038482,8.730487055782083,264.277,2.347200000000001,1,5,72.83,2,2,1,1
CHEMBL4127740,COc1cc(O)c2c(c1C(C)=O)OC(C)(C)C=C2,IC50,7.5,nM,=,CHEMBL4123988,CHEMBL3038482,8.1249387366083,248.278,2.787600000000001,1,4,55.760000000000005,2,2,1,1
CHEMBL4129139,COc1cc2c(c(OC)c1C(C)=O)[C@H](O)[C@H](O)C(C)(C)O2,IC50,1.86,nM,=,CHEMBL4123988,CHEMBL3038482,8.730487055782083,296.3190000000001,1.4716999999999998,2,6,85.22000000000001,3,2,1,1
CHEMBL4128711,COc1cc(OC)c2c(c1C(C)=O)OC(C)(C)[C@@H](O)[C@H]2O,IC50,1.86,nM,=,CHEMBL4123988,CHEMBL3038482,8.730487055782083,296.319,1.4716999999999998,2,6,85.22000000000001,3,2,1,1
CHEMBL4130077,COc1cc(OC)c2c(c1C(C)=O)OC(C)(C)[C@H](O)[C@@H]2O,IC50,10.0,nM,=,CHEMBL4123988,CHEMBL3038482,8.0,296.319,1.4716999999999998,2,6,85.22000000000001,3,2,1,1
CHEMBL4129934,COc1cc(OS(=O)(=O)C(F)(F)F)c2c(c1C(C)=O)OC(C)(C)C=C2,IC50,2.5,nM,=,CHEMBL4123988,CHEMBL3038482,8.602059991327963,380.3400000000001,3.3104000000000022,0,6,78.9,4,2,1,1
CHEMBL4126667,COc1c(Br)c(OC)c2c(c1C(C)=O)OC(C)(C)C(OC)C2Br,IC50,1.86,nM,=,CHEMBL4123988,CHEMBL3038482,8.730487055782083,452.1390000000001,4.290900000000003,0,5,53.99000000000001,4,2,1,1
CHEMBL4126781,COc1c(Cl)c(OC)c2c(c1C(C)=O)OC(C)(C)C(OC)C2Cl,IC50,1.86,nM,=,CHEMBL4123988,CHEMBL3038482,8.730487055782083,363.2370000000001,4.025700000000003,0,5,53.99000000000001,4,2,1,1
CHEMBL4128159,COc1c(F)c(OC)c2c(c1C(C)=O)OC(C)(C)C(OC)C2F,IC50,9.5,nM,=,CHEMBL4123988,CHEMBL3038482,8.022276394711152,330.327,3.2421000000000024,0,5,53.99000000000001,4,2,1,1
CHEMBL4129335,COc1c(Cl)c(O)c2c(c1C(C)=O)OC(C)(C)C(OC)C2Cl,IC50,3.5,nM,=,CHEMBL4123988,CHEMBL3038482,8.455931955649724,349.21000000000004,3.7227000000000032,1,5,64.99000000000001,3,2,1,1
CHEMBL4127938,COc1c(Br)c(OC)c(C(C)=O)c2c1C=CC(C)(C)O2,IC50,1.86,nM,=,CHEMBL4123988,CHEMBL3038482,8.730487055782083,341.2010000000001,3.853100000000003,0,4,44.760000000000005,3,2,1,1
CHEMBL303984,CO[C@@H]1[C@@H](OC(=O)c2ccc(C)[nH]2)[C@@H](O)[C@H](Oc2ccc3c(O)c(NC(=O)c4ccc(O)c(CC=C(C)C)c4)c(=O)oc3c2Cl)OC1(C)C,IC50,8.5,nM,=,CHEMBL4123988,CHEMBL3038482,8.070581074285707,697.1370000000002,5.370320000000004,5,11,189.78,9,5,4,1
CHEMBL4127930,COc1cc(OC)c2c(c1C(C)=O)OC(C)(C)C(O)C2Br,IC50,1.86,nM,=,CHEMBL4123988,CHEMBL3038482,8.730487055782083,359.21599999999995,2.8743000000000016,1,5,64.99000000000001,3,2,1,1
CHEMBL4164868,Cc1occc1C(=O)NNC(=S)NC(=O)c1ccccc1,IC50,15000.0,nM,=,CHEMBL4154647,CHEMBL3038482,4.823908740944319,303.343,1.5373200000000002,3,4,83.37,2,2,2,0
CHEMBL4167345,Cc1ccc(-n2nnnc2NCc2ccco2)cc1Cl,IC50,22.8,ug.mL-1,=,CHEMBL4156725,CHEMBL3038482,7.642065152999546,289.72600000000006,2.829220000000001,1,5,68.77000000000001,4,3,3,1
CHEMBL4175527,Fc1ccc(-n2nnnc2NCc2ccco2)cc1Cl,IC50,0.9,ug.mL-1,=,CHEMBL4156725,CHEMBL3038482,9.045757490560677,293.6890000000001,2.6599000000000013,1,5,68.77000000000001,4,3,3,1
CHEMBL4229089,COc1ccc2nccc(CC[C@H]3OC[C@H](NCc4ccc5c(c4)OCCO5)CO3)c2c1,IC50,100.0,nM,=,CHEMBL4224586,CHEMBL3038482,7.0,436.50800000000027,3.478500000000002,1,7,71.07000000000001,7,5,3,1
CHEMBL4228258,COc1ccc2nccc(CC[C@H]3OC[C@H](NCc4cc5c(cn4)OCCO5)CO3)c2c1,IC50,360.0,nM,=,CHEMBL4224586,CHEMBL3038482,6.443697499232712,437.49600000000027,2.873500000000001,1,8,83.96000000000001,7,5,3,1
CHEMBL4229223,COc1ccc2nccc(CC[C@H]3OC[C@H](NCc4cc5c(cn4)OCCC5)CO3)c2c1,IC50,330.0,nM,=,CHEMBL4224586,CHEMBL3038482,6.481486060122113,435.5240000000003,3.4273000000000025,1,7,74.73,7,5,3,1
CHEMBL4225469,COc1ccc2nccc(CC[C@H]3OC[C@H](NCc4ccc5c(n4)NC(=O)CS5)CO3)c2c1,IC50,590.0,nM,=,CHEMBL4224586,CHEMBL3038482,6.229147988357855,466.5630000000002,3.1465000000000014,2,8,94.6,7,5,3,1
CHEMBL4224881,COc1ccc2nccc(CC[C@H]3OC[C@H](NCc4ccc5c(n4)NC(=O)CO5)CO3)c2c1,IC50,780.0,nM,=,CHEMBL4224586,CHEMBL3038482,6.107905397309519,450.4950000000002,2.4332000000000003,2,8,103.83,7,5,3,1
CHEMBL4225730,COc1ccc2nccc(CC[C@H]3OC[C@H](NCc4ccc5c(c4)NC(=O)CO5)CO3)c2c1,IC50,740.0,nM,=,CHEMBL4224586,CHEMBL3038482,6.130768280269024,449.5070000000002,3.0382000000000007,2,7,90.94,7,5,3,1
CHEMBL4226251,COc1ccc2nccc(CC[C@H]3OC[C@H](NCc4ccc(Cl)c(Cl)c4)CO3)c2c1,IC50,280.0,nM,=,CHEMBL4224586,CHEMBL3038482,6.552841968657781,447.36200000000014,5.014100000000004,1,5,52.61,7,4,3,1
CHEMBL4228182,COc1ccc2nccc(CC[C@H]3OC[C@H](NCc4ccc(Cl)cc4)CO3)c2c1,IC50,1200.0,nM,=,CHEMBL4224586,CHEMBL3038482,5.920818753952375,412.9170000000001,4.360700000000003,1,5,52.61,7,4,3,0
CHEMBL4533341,C[C@@H]1CN2c3c(cc4c(N5CC6(CC6)OC5=O)noc4c3F)CC3(C(=O)NC(=O)NC3=O)[C@H]2[C@H](C)O1,IC50,7800.0,nM,=,CHEMBL4316976,CHEMBL3038482,5.107905397309519,499.4550000000002,1.3468,2,9,143.30999999999997,1,7,2,0
CHEMBL3702468,C[C@@H]1CN2c3c(cc4c(N5CCOC5=O)noc4c3F)CC3(C(=O)NC(=O)NC3=O)[C@H]2[C@H](C)O1,IC50,24300.0,nM,=,CHEMBL4316976,CHEMBL3038482,4.614393726401688,473.41700000000014,0.8142000000000001,2,9,143.30999999999997,1,6,2,0
CHEMBL4450768,C[C@@H]1CN2c3c(cc4c(N5CC6(CCC6)OC5=O)noc4c3F)CC3(C(=O)NC(=O)NC3=O)[C@H]2[C@H](C)O1,IC50,15600.0,nM,=,CHEMBL4316976,CHEMBL3038482,4.806875401645538,513.4820000000002,1.7368999999999994,2,9,143.30999999999997,1,7,2,0
CHEMBL4440308,C[C@@H]1CN2c3c(cc4c(N5C(=O)SC[C@@H]5C)noc4c3F)CC3(C(=O)NC(=O)NC3=O)[C@H]2[C@H](C)O1,IC50,15600.0,nM,=,CHEMBL4316976,CHEMBL3038482,4.806875401645538,503.5120000000002,1.9193,2,9,134.07999999999998,1,6,2,0
CHEMBL4460834,C[C@@H]1CN2c3c(cc4c(N5C[C@@H](C)SC5=O)noc4c3F)CC3(C(=O)NC(=O)NC3=O)[C@H]2[C@H](C)O1,IC50,15300.0,nM,=,CHEMBL4316976,CHEMBL3038482,4.815308569182401,503.5120000000002,1.9193,2,9,134.07999999999998,1,6,2,0
CHEMBL4447387,C[C@@H]1CN2c3c(cc4c(N5C[C@H](C)SC5=O)noc4c3F)CC3(C(=O)NC(=O)NC3=O)[C@H]2[C@H](C)O1,IC50,12600.0,nM,=,CHEMBL4316976,CHEMBL3038482,4.899629454882437,503.5120000000002,1.9193,2,9,134.07999999999998,1,6,2,0
CHEMBL4470699,CC[C@H]1CN(c2noc3c(F)c4c(cc23)CC2(C(=O)NC(=O)NC2=O)[C@H]2[C@H](C)O[C@H](C)CN42)C(=O)S1,IC50,9100.0,nM,=,CHEMBL4316976,CHEMBL3038482,5.040958607678906,517.5390000000002,2.3094,2,9,134.07999999999998,2,6,2,0
CHEMBL4559406,COC[C@H]1CN(c2noc3c(F)c4c(cc23)CC2(C(=O)NC(=O)NC2=O)[C@H]2[C@H](C)O[C@H](C)CN42)C(=O)S1,IC50,9400.0,nM,=,CHEMBL4316976,CHEMBL3038482,5.026872146400302,533.5380000000002,1.5458000000000005,2,10,143.30999999999997,3,6,2,0
CHEMBL4436044,Cc1c(CNC2CCCCCC2)cc(-c2ccc(Cl)cc2)n1-c1ccc(C(C)C)cc1,IC50,19.01,ug.mL-1,=,CHEMBL4360603,CHEMBL3038482,7.721017883134556,435.0550000000001,8.041920000000008,1,1,16.96,6,4,3,1
CHEMBL4530791,Cc1c(CNC2CCCCC2)cc(-c2ccc(C(C)C)cc2)n1-c1ccc(Cl)cc1,IC50,29.11,ug.mL-1,=,CHEMBL4360603,CHEMBL3038482,7.535957794561189,421.028,7.651820000000007,1,1,16.96,6,4,3,1
CHEMBL4460653,Cc1c(CNC2CCC(NC(=N)N)CC2)cc(-c2ccc(Cl)cc2)n1-c1ccc(Cl)cc1,IC50,7.23,ug.mL-1,=,CHEMBL4360603,CHEMBL3038482,8.14086170270547,470.4480000000001,5.643390000000004,4,2,78.85999999999999,6,4,3,1
CHEMBL4451560,Cc1nc(-c2cc(NC(=O)CC(=O)O)ccc2NC(=O)c2cc(Br)c(Br)[nH]2)no1,IC50,1400.0,nM,=,CHEMBL4374391,CHEMBL3038482,5.853871964321762,527.129,3.56362,4,6,150.20999999999998,6,3,3,0
CHEMBL4570481,Cc1nc(-c2cc(NC(=O)Cc3n[nH]c(=O)o3)ccc2NC(=O)c2cc(Br)c(Br)[nH]2)no1,IC50,11000.0,nM,=,CHEMBL4374391,CHEMBL3038482,4.958607314841775,567.154,3.0079200000000004,4,8,171.8,6,4,4,0
CHEMBL4520753,COC(=O)CC(=O)Nc1ccc(NC(=O)c2cc(Br)c(Br)[nH]2)c(-c2noc(C)n2)c1,IC50,63000.0,nM,=,CHEMBL4374391,CHEMBL3038482,4.200659450546418,541.1560000000001,3.652020000000001,3,7,139.20999999999998,6,3,3,0
CHEMBL3317856,O=c1ccc2ncc(=O)n3c2n1C[C@H]3CN1CCC(NCc2cc3c(cn2)OCCC3)CC1,IC50,47.0,nM,=,CHEMBL4375022,CHEMBL3038482,7.327902142064283,448.5270000000003,1.0870999999999995,1,7,94.28,5,6,3,1
CHEMBL4448131,O=C1COc2ccc(N3C[C@H](CCCN[C@@H]4Cn5c(=O)ccc6ccc(F)c4c65)OC3=O)nc2N1,IC50,8.0,nM,=,CHEMBL4375022,CHEMBL3038482,8.096910013008056,479.4680000000002,2.3164,2,7,114.79,6,6,3,1
CHEMBL4531538,O=C1CNc2nc(CNC34CCC(CCc5c(Cl)cnc6ccc(=O)n(CCO)c56)(CC3)OC4)ccc2O1,IC50,830.0,nM,=,CHEMBL4375022,CHEMBL3038482,6.080921907623926,540.0200000000003,2.5723000000000003,3,9,127.6,8,7,3,1
CHEMBL1235773,COc1ccc2ncc(C#N)c(CCN3CCC(NCc4cc5c(cn4)OCS5)CC3)c2c1,IC50,14.0,nM,=,CHEMBL4375022,CHEMBL3038482,7.853871964321762,461.5910000000003,3.748780000000002,1,8,83.3,7,5,3,1
CHEMBL4640998,COc1cc2c(cc1OCCCC(=O)Nc1cc(C(=O)Nc3ccc4sc(C(=O)N(C)C)cc4c3)n(C)c1)N=C[C@@H]1CCCN1C2=O,IC50,3.16,ug.mL-1,=,CHEMBL4612947,CHEMBL3038482,8.500312917381596,656.7649999999999,5.320700000000004,2,8,134.56999999999996,10,6,4,1
CHEMBL4758478,Cc1[nH]c(C(=O)Nc2ccc(C(=O)NCC(=O)O)cc2OC2CCN(C(=O)OC(C)(C)C)CC2)c(Cl)c1Cl,IC50,1008.0,nM,=,CHEMBL4666340,CHEMBL3038482,5.996539467890494,569.4420000000003,4.474920000000003,4,6,150.06,7,3,2,0
CHEMBL4746419,Cc1[nH]c(C(=O)Nc2ccc(C(=O)NCC(=O)O)cc2OC2CCNCC2)c(Cl)c1Cl.Cl,IC50,960.0,nM,=,CHEMBL4666340,CHEMBL3038482,6.017728766960431,505.7860000000002,3.2492200000000007,5,5,132.55,7,3,2,1
CHEMBL4752072,Cc1[nH]c(C(=O)Nc2ccc(C(=O)N[C@@H](C)C(=O)O)cc2OC2CCNCC2)c(Cl)c1Cl.Cl,IC50,99.0,nM,=,CHEMBL4666340,CHEMBL3038482,7.00436480540245,519.8130000000003,3.637720000000002,5,5,132.55,7,3,2,1
CHEMBL4789899,COC(=O)[C@H](C)NC(=O)c1ccc(NC(=O)c2[nH]c(C)c(Cl)c2Cl)c(OC2CCNCC2)c1.Cl,IC50,1600.0,nM,=,CHEMBL4666340,CHEMBL3038482,5.795880017344075,533.8400000000004,3.726120000000002,4,6,121.55,7,3,2,0
CHEMBL4763664,Cc1[nH]c(C(=O)Nc2ccc(C(=O)NCC(=O)O)cc2O[C@H]2CCNC2)c(Cl)c1Cl.Cl,IC50,290.0,nM,=,CHEMBL4666340,CHEMBL3038482,6.537602002101044,491.7590000000002,2.8591200000000003,5,5,132.55,7,3,2,1
CHEMBL4793836,COC(=O)CNC(=O)c1ccc(NC(=O)c2[nH]c(C)c(Cl)c2Cl)c(O[C@H]2CCNC2)c1.Cl,IC50,950.0,nM,=,CHEMBL4666340,CHEMBL3038482,6.022276394711152,505.78600000000034,2.9475200000000013,4,6,121.55,7,3,2,1
CHEMBL4763407,O=C(O)C(=O)Nc1ccc2nc(NC(=O)c3cc(Br)c(Br)[nH]3)[nH]c2c1,IC50,80000.0,nM,=,CHEMBL4672942,CHEMBL3038482,4.096910013008056,471.065,2.6914,5,4,139.96999999999997,3,3,3,0
CHEMBL3908487,O=C(O)C(=O)Nc1ccc2nc(NC(=O)c3cc(Br)c(Br)[nH]3)sc2c1,IC50,100000.0,nM,>,CHEMBL4672942,CHEMBL3038482,4.0,488.117,3.4248000000000003,4,5,124.17999999999998,3,3,3,0
CHEMBL4792173,Cc1[nH]c(C(=O)Nc2ccc3nc(NC(=O)C(=O)O)sc3c2)c(Cl)c1Cl,IC50,250.0,nM,=,CHEMBL4672942,CHEMBL3038482,6.6020599913279625,413.2420000000001,3.5150200000000007,4,5,124.18,3,3,3,1
CHEMBL4752708,Cc1[nH]c(C(=O)Nc2nc3ccc(NC(=O)C(=O)O)cc3s2)c(Cl)c1Cl,IC50,38.0,nM,=,CHEMBL4672942,CHEMBL3038482,7.42021640338319,413.2420000000001,3.5150200000000007,4,5,124.18,3,3,3,1
CHEMBL4763466,CC(=O)Nc1nc2ccc(NC(=O)c3[nH]c(C)c(Cl)c3Cl)cc2s1,IC50,35400.0,nM,=,CHEMBL4672942,CHEMBL3038482,4.450996737974212,383.2600000000001,4.450320000000001,3,4,86.88,3,3,3,0
CHEMBL4792402,CC(=O)Nc1ccc2nc(NC(=O)c3[nH]c(C)c(Cl)c3Cl)sc2c1,IC50,400.0,nM,=,CHEMBL4672942,CHEMBL3038482,6.3979400086720375,383.2600000000001,4.450320000000001,3,4,86.88,3,3,3,1
CHEMBL4747775,Cc1[nH]c(C(=O)Nc2nc3ccc(NC(N)=O)cc3s2)c(Cl)c1Cl,IC50,1300.0,nM,=,CHEMBL4672942,CHEMBL3038482,5.886056647693163,384.24800000000016,3.982520000000001,4,4,112.9,3,3,3,0
CHEMBL4741205,Cc1[nH]c(C(=O)Nc2nc3ccc(NC(=O)CCNC(=O)OC(C)(C)C)cc3s2)c(Cl)c1Cl,IC50,780.0,nM,=,CHEMBL4672942,CHEMBL3038482,6.107905397309519,512.4190000000002,5.345220000000004,4,6,125.21,6,3,3,1
CHEMBL4786782,Cc1[nH]c(C(=O)Nc2nc3ccc(NC(=O)CNC(=O)OC(C)(C)C)cc3s2)c(Cl)c1Cl,IC50,260.0,nM,=,CHEMBL4672942,CHEMBL3038482,6.585026652029182,498.3920000000003,4.955120000000004,4,6,125.21,5,3,3,1
CHEMBL4793192,Cc1[nH]c(C(=O)Nc2nc3ccc(NC(=O)CCN)cc3s2)c(Cl)c1Cl.Cl,IC50,1500.0,nM,=,CHEMBL4672942,CHEMBL3038482,5.823908740944319,448.7630000000001,4.201020000000002,4,5,112.9,5,3,3,0
CHEMBL4781272,Cc1[nH]c(C(=O)Nc2nc3ccc(NC(=O)CN)cc3s2)c(Cl)c1Cl.Cl,IC50,380.0,nM,=,CHEMBL4672942,CHEMBL3038482,6.42021640338319,434.7360000000001,3.8109200000000016,4,5,112.9,4,3,3,1
CHEMBL4757373,CCOC(=O)C1=C(c2ccccc2)OC(N)=C(C#N)C12C(=O)Nc1ccc(S(=O)(=O)N3CCCCC3)cc12,IC50,19770.0,nM,=,CHEMBL4683683,CHEMBL3038482,4.703993330686328,534.5940000000004,2.749580000000001,2,8,151.82,5,5,2,0
CHEMBL4743398,CCOC(=O)C1=C(N)OC(c2ccccc2)=C(C(=O)OCC)C12C(=O)Nc1ccc(S(=O)(=O)N3CCCCC3)cc12,IC50,23150.0,nM,=,CHEMBL4683683,CHEMBL3038482,4.635449004646028,581.647,2.789100000000001,2,9,154.33,7,5,2,0
CHEMBL4799157,CC(=O)C1=C(C)OC(N)=C(C#N)C12C(=O)Nc1ccc(S(=O)(=O)N3CCOCC3)cc12,IC50,25090.0,nM,=,CHEMBL4683683,CHEMBL3038482,4.600499338685389,444.4690000000003,0.4844800000000007,2,8,151.82,3,4,1,0
CHEMBL4757906,CCOC(=O)C1=C(N)OC(C)=C(C(C)=O)C12C(=O)Nc1ccc(S(=O)(=O)N3CCOCC3)cc12,IC50,25060.0,nM,=,CHEMBL4683683,CHEMBL3038482,4.6010189333418685,491.5220000000003,0.5240000000000007,2,9,154.32999999999998,5,4,1,0
CHEMBL4764901,CC(=O)C1=C(c2ccccc2)OC(N)=C(C#N)C12C(=O)Nc1ccc(S(=O)(=O)N3CCOCC3)cc12,IC50,24840.0,nM,=,CHEMBL4683683,CHEMBL3038482,4.6048484084954575,506.5400000000003,1.6217799999999998,2,8,151.82,4,5,2,0
CHEMBL4796888,CC(=O)C1=C(c2ccccc2)OC(N)=C(C#N)C12C(=O)Nc1ccc(S(=O)(=O)N3CCCCC3)cc12,IC50,18070.0,nM,=,CHEMBL4683683,CHEMBL3038482,4.743041847439068,504.5680000000003,2.775480000000001,2,7,142.59,4,5,2,0
CHEMBL4743461,CCOC(=O)C1=C(N)OC(c2ccccc2)=C(C(C)=O)C12C(=O)Nc1ccc(S(=O)(=O)N3CCOCC3)cc12,IC50,20140.0,nM,=,CHEMBL4683683,CHEMBL3038482,4.695940533782401,553.5930000000002,1.6613000000000009,2,9,154.32999999999998,6,5,2,0
CHEMBL4790218,N#CC(C#N)=C1C(=O)Nc2ccc(S(=O)(=O)N3CCOCC3)cc21,IC50,26360.0,nM,=,CHEMBL4683683,CHEMBL3038482,4.579054594078028,344.3520000000002,0.4603599999999999,1,6,123.29,2,3,1,0
CHEMBL4778113,CCOC(=O)/C(C#N)=C1\C(=O)Nc2ccc(S(=O)(=O)N3CCOCC3)cc21,IC50,27030.0,nM,=,CHEMBL4683683,CHEMBL3038482,4.568153954301275,391.40500000000026,0.4998800000000001,1,7,125.79999999999998,4,3,1,0
CHEMBL4786331,Cc1nc2c(=O)n(C3CC3)c3c(Cl)c(N4CC[C@@H]([C@H](C)N)C4)c(F)cc3c2o1,IC50,1820.0,nM,=,CHEMBL4700521,CHEMBL3038482,5.739928612014925,404.8730000000001,3.7520200000000017,1,5,77.29,3,5,3,0
CHEMBL4751243,COc1ccc2nccc(CC[C@H]3OC[C@H](NC(=O)c4ccc5c(c4)OCCO5)CO3)c2c1,IC50,3700.0,nM,=,CHEMBL4731888,CHEMBL3038482,5.431798275933005,450.4910000000002,3.1187000000000014,1,7,88.14000000000001,6,5,3,0
CHEMBL4756100,COc1ccc2nccc(CC[C@H]3OC[C@H](NC(=O)c4ccc(Cl)c(Cl)c4)CO3)c2c1,IC50,590.0,nM,=,CHEMBL4731888,CHEMBL3038482,6.229147988357855,461.3450000000002,4.654300000000004,1,5,69.68,6,4,3,1
CHEMBL4764420,COc1ccc(C(=O)N[C@H]2CO[C@H](CCc3ccnc4ccc(OC)cc34)OC2)cc1,IC50,3900.0,nM,=,CHEMBL4731888,CHEMBL3038482,5.4089353929735005,422.48100000000017,3.3561000000000023,1,6,78.91000000000001,7,4,3,0
CHEMBL4781609,COc1ccc2nccc(CC[C@H]3OC[C@H](NC(=O)c4ccc(Cl)cc4)CO3)c2c1,IC50,610.0,nM,=,CHEMBL4731888,CHEMBL3038482,6.214670164989233,426.90000000000015,4.000900000000003,1,5,69.68,6,4,3,1
CHEMBL4756699,COc1ccc2nccc(CC[C@H]3OC[C@H](NC(=O)c4ccc(C)cc4)CO3)c2c1,IC50,410.0,nM,=,CHEMBL4731888,CHEMBL3038482,6.3872161432802645,406.48200000000014,3.655920000000002,1,5,69.68,6,4,3,1
CHEMBL4759488,COc1ccc2nccc(CC[C@H]3OC[C@H](NC(=O)c4ccc(C(F)(F)F)cc4)CO3)c2c1,IC50,1100.0,nM,=,CHEMBL4731888,CHEMBL3038482,5.958607314841775,460.4520000000001,4.366300000000003,1,5,69.68,6,4,3,0
CHEMBL4744292,COc1ccc2nccc(CC[C@H]3OC[C@H](NC(=O)c4ccc(OC(F)(F)F)cc4)CO3)c2c1,IC50,1400.0,nM,=,CHEMBL4731888,CHEMBL3038482,5.853871964321762,476.45100000000014,4.246100000000004,1,6,78.91000000000001,7,4,3,0
CHEMBL4755530,COc1ccc2nccc(CC[C@H]3OC[C@H](NC(=O)c4ccc(C(C)(C)C)cc4)CO3)c2c1,IC50,1300.0,nM,=,CHEMBL4731888,CHEMBL3038482,5.886056647693163,448.5630000000002,4.645000000000004,1,5,69.68,6,4,3,0
CHEMBL4751977,COc1ccc2nccc(CC[C@H]3OC[C@H](NC(=O)c4cccc(Cl)c4)CO3)c2c1,IC50,320.0,nM,=,CHEMBL4731888,CHEMBL3038482,6.494850021680094,426.90000000000015,4.000900000000003,1,5,69.68,6,4,3,1
CHEMBL4787821,COc1ccc2nccc(CC[C@H]3OC[C@H](NC(=O)c4ccc5c(n4)NC(=O)CO5)CO3)c2c1,IC50,40.0,nM,=,CHEMBL4731888,CHEMBL3038482,7.397940008672037,464.4780000000002,2.0733999999999995,2,8,120.9,6,5,3,1
CHEMBL4755744,COc1ccc2nccc(CC[C@H]3OC[C@H](NC(=O)c4ccc5c(c4)NC(=O)CO5)CO3)c2c1,IC50,60.0,nM,=,CHEMBL4731888,CHEMBL3038482,7.221848749616356,463.4900000000002,2.678400000000001,2,7,108.01000000000002,6,5,3,1
CHEMBL4787145,COc1ccc2nccc(CC[C@H]3OC[C@H](NC(=O)c4ccc5c(n4)NC(=O)CS5)CO3)c2c1,IC50,170.0,nM,=,CHEMBL4731888,CHEMBL3038482,6.769551078621726,480.5460000000002,2.7867000000000006,2,8,111.67,6,5,3,1
CHEMBL4759626,COc1ccc2nccc(CC[C@H]3OC[C@H](NC(=O)c4ccc5c(c4)NC(=O)CS5)CO3)c2c1,IC50,130.0,nM,=,CHEMBL4731888,CHEMBL3038482,6.886056647693163,479.5580000000002,3.391700000000002,2,7,98.78000000000002,6,5,3,1
CHEMBL4850124,O=C(O)c1ccc2nc(NC(=O)c3cc(Cl)c(Cl)[nH]3)sc2c1,IC50,500.0,nM,=,CHEMBL4815323,CHEMBL3038482,6.301029995663981,356.19,3.8817,3,4,95.07999999999998,3,3,3,1
CHEMBL4857352,O=C(O)c1ccc2nc(NC(=O)c3cc(Br)c(Br)[nH]3)sc2c1,IC50,1000.0,nM,>,CHEMBL4815323,CHEMBL3038482,6.0,445.092,4.099900000000001,3,4,95.07999999999998,3,3,3,1
CHEMBL4851285,Cc1[nH]c(C(=O)Nc2nc3ccc(C(=O)O)cc3s2)c(Cl)c1Br,IC50,24.0,nM,=,CHEMBL4815323,CHEMBL3038482,7.619788758288394,414.66800000000006,4.299220000000001,3,4,95.08,3,3,3,1
CHEMBL4856321,Cc1[nH]c(C(=O)Nc2nc3cc(C(=O)O)ccc3s2)c(Cl)c1Cl,IC50,1000.0,nM,>,CHEMBL4815323,CHEMBL3038482,6.0,370.2170000000001,4.190120000000001,3,4,95.08,3,3,3,1
CHEMBL4856813,COc1ccc2nc(NC(=O)c3[nH]c(C)c(Cl)c3Cl)sc2c1,IC50,1000.0,nM,>,CHEMBL4815323,CHEMBL3038482,6.0,356.2340000000001,4.500520000000002,2,4,67.00999999999999,3,3,3,1
CHEMBL4863907,Cc1[nH]c(C(=O)Nc2nc3ccc(C#N)cc3s2)c(Cl)c1Cl,IC50,1000.0,nM,>,CHEMBL4815323,CHEMBL3038482,6.0,351.2180000000001,4.363600000000001,2,4,81.57,2,3,3,1
CHEMBL4877458,Cc1[nH]c(C(=O)Nc2nc3ccc(-c4nnn[nH]4)cc3s2)c(Cl)c1Cl,IC50,25.0,nM,=,CHEMBL4815323,CHEMBL3038482,7.602059991327962,394.2470000000002,3.6720200000000007,3,6,112.24,3,4,4,1
CHEMBL4863169,Cc1[nH]c(C(=O)Nc2nc3ccc(C(N)=O)cc3s2)c(Cl)c1Cl,IC50,59.0,nM,=,CHEMBL4815323,CHEMBL3038482,7.229147988357855,369.23300000000006,3.590820000000001,3,4,100.87,3,3,3,1
CHEMBL4866587,Cc1[nH]c(C(=O)Nc2nc3ccc(C(=O)NCC#N)cc3s2)c(Cl)c1Cl,IC50,310.0,nM,=,CHEMBL4815323,CHEMBL3038482,6.508638306165727,408.2700000000001,3.745300000000001,3,5,110.67,4,3,3,1
CHEMBL4877862,O=C(NO)c1ccc2nc(NC(=O)c3cc(Br)c(Br)[nH]3)sc2c1,IC50,1000.0,nM,>,CHEMBL4815323,CHEMBL3038482,6.0,460.107,3.5207000000000006,4,5,107.11,3,3,3,1
CHEMBL4847369,Cc1[nH]c(C(=O)Nc2nc3ccc(C(=O)NO)cc3s2)c(Cl)c1Cl,IC50,720.0,nM,=,CHEMBL4815323,CHEMBL3038482,6.142667503568731,385.2320000000001,3.610920000000001,4,5,107.11,3,3,3,1
CHEMBL4857022,Cc1[nH]c(C(=O)Nc2nc3ccc(C(=O)NCCC(=O)O)cc3s2)c(Cl)c1Cl,IC50,71.0,nM,=,CHEMBL4815323,CHEMBL3038482,7.1487416512809245,441.29600000000016,3.6964200000000016,4,5,124.18,6,3,3,1
CHEMBL4874918,CCN(C(=O)c1[nH]c(C)c(Cl)c1Cl)c1nc2ccc(C(=O)O)cc2s1,IC50,32.0,nM,=,CHEMBL4815323,CHEMBL3038482,7.494850021680094,398.2710000000001,4.604520000000002,2,4,86.29,4,3,3,1
CHEMBL4857324,Cc1[nH]c(C(=O)N(c2nc3ccc(C(=O)O)cc3s2)C2CC2)c(Cl)c1Cl,IC50,1000.0,nM,>,CHEMBL4815323,CHEMBL3038482,6.0,410.28200000000015,4.747020000000003,2,4,86.29,4,4,3,1
CHEMBL4866508,Cc1[nH]c(C(=O)N(c2nc3ccc(C(=O)O)cc3s2)C(C)C)c(Cl)c1Cl,IC50,1000.0,nM,>,CHEMBL4815323,CHEMBL3038482,6.0,412.2980000000001,4.993020000000003,2,4,86.29,4,3,3,1
CHEMBL4862321,Cc1[nH]c(C(=O)Nc2nc3cc(O)c(C(=O)O)cc3s2)c(Cl)c1Cl,IC50,61.0,nM,=,CHEMBL4815323,CHEMBL3038482,7.214670164989233,386.2160000000001,3.8957200000000007,4,5,115.31000000000002,3,3,3,1
CHEMBL4847572,O=C(O)c1cc(O)c2nc(NC(=O)c3cc(Br)c(Br)[nH]3)sc2c1,IC50,170.0,nM,=,CHEMBL4815323,CHEMBL3038482,6.769551078621726,461.091,3.8055,4,5,115.31,3,3,3,1
CHEMBL4847190,Cc1[nH]c(C(=O)Nc2nc3c(O)cc(C(=O)O)cc3s2)c(Cl)c1Cl,IC50,22.0,nM,=,CHEMBL4815323,CHEMBL3038482,7.657577319177793,386.2160000000001,3.8957200000000007,4,5,115.31000000000002,3,3,3,1
CHEMBL4847090,Cc1[nH]c(C(=O)Nc2nc3c(F)cc(C(=O)O)cc3s2)c(Cl)c1Cl,IC50,17.0,nM,=,CHEMBL4815323,CHEMBL3038482,7.769551078621726,388.2070000000001,4.329220000000001,3,4,95.08,3,3,3,1
CHEMBL4850231,COc1cc(C(=O)O)cc2sc(NC(=O)c3[nH]c(C)c(Cl)c3Cl)nc12,IC50,44.0,nM,=,CHEMBL4815323,CHEMBL3038482,7.356547323513812,400.24300000000017,4.198720000000002,3,5,104.31,4,3,3,1
CHEMBL4873935,Cc1[nH]c(C(=O)Nc2nc3ccc(C(=O)O)cc3s2)c(Cl)c1Cl,IC50,72.0,nM,=,CHEMBL4815323,CHEMBL3038482,7.142667503568731,370.2170000000001,4.190120000000001,3,4,95.08,3,3,3,1
CHEMBL4854181,Cc1[nH]c(C(=O)Nc2nc3c(OCc4ccccc4)cc(C(=O)O)cc3s2)c(Cl)c1Cl,IC50,16.0,nM,=,CHEMBL4815323,CHEMBL3038482,7.795880017344075,476.3410000000002,5.769120000000003,3,5,104.31000000000002,6,4,4,1
CHEMBL4867874,Cc1[nH]c(C(=O)Nc2nc3c(OCCN4CCOCC4)cc(C(=O)O)cc3s2)c(Cl)c1Cl.Cl,IC50,17.0,nM,=,CHEMBL4815323,CHEMBL3038482,7.769551078621726,535.8370000000002,4.322920000000003,3,7,116.78000000000002,7,4,3,1
CHEMBL4850565,Cc1[nH]c(C(=O)Nc2nc3c(OCc4cccc(C(=O)O)c4)cc(C(=O)O)cc3s2)c(Cl)c1Cl,IC50,10.0,nM,<,CHEMBL4815323,CHEMBL3038482,8.0,520.3500000000003,5.467320000000003,4,6,141.61,7,4,4,1
CHEMBL4868482,Cc1[nH]c(C(=O)Nc2nc3c(OCc4ccc(C(=O)O)cc4)cc(C(=O)O)cc3s2)c(Cl)c1Cl,IC50,10.0,nM,<,CHEMBL4815323,CHEMBL3038482,8.0,520.3500000000001,5.467320000000002,4,6,141.61,7,4,4,1
CHEMBL4878712,Cc1[nH]c(C(=O)Nc2nc3c(OCc4cccs4)cc(C(=O)O)cc3s2)c(Cl)c1Cl,IC50,10.0,nM,<,CHEMBL4815323,CHEMBL3038482,8.0,482.3700000000002,5.8306200000000015,3,6,104.31000000000002,6,4,4,1
CHEMBL4873249,Cc1[nH]c(C(=O)Nc2nc3c(OCc4ccsc4)cc(C(=O)O)cc3s2)c(Cl)c1Cl,IC50,10.0,nM,<,CHEMBL4815323,CHEMBL3038482,8.0,482.3700000000002,5.8306200000000015,3,6,104.31000000000002,6,4,4,1
CHEMBL4871682,Cc1[nH]c(C(=O)Nc2nc3c(OCc4cccc(F)c4)cc(C(=O)O)cc3s2)c(Cl)c1Cl,IC50,10.0,nM,<,CHEMBL4815323,CHEMBL3038482,8.0,494.3310000000002,5.908220000000002,3,5,104.31000000000002,6,4,4,1
CHEMBL4858015,Cc1[nH]c(C(=O)Nc2nc3c(OCCN)cc(C(=O)O)cc3s2)c(Cl)c1Cl.Cl,IC50,48.0,nM,=,CHEMBL4815323,CHEMBL3038482,7.318758762624412,465.746,3.949420000000001,4,6,130.32999999999998,6,3,3,1
CHEMBL4876030,Cc1[nH]c(C(=O)Nc2nc3c(OCCN4CCOCC4)cc(C(=O)NCC#N)cc3s2)c(Cl)c1Cl.Cl,IC50,100.0,nM,=,CHEMBL4815323,CHEMBL3038482,7.0,573.8900000000003,3.878100000000003,3,8,132.37,8,4,3,1
CHEMBL4870243,Cc1[nH]c(C(=O)Nc2nc3c(OCc4ccccc4)cc(C(=O)NCC#N)cc3s2)c(Cl)c1Cl,IC50,180.0,nM,=,CHEMBL4815323,CHEMBL3038482,6.7447274948966935,514.3940000000002,5.324300000000003,3,6,119.9,7,4,4,1
CHEMBL4866300,Cc1[nH]c(C(=O)Nc2nc3c(OCc4ccccc4)cc(C#N)cc3s2)c(Cl)c1Cl,IC50,1000.0,nM,>,CHEMBL4815323,CHEMBL3038482,6.0,457.3420000000002,5.942600000000002,2,5,90.8,5,4,4,1
CHEMBL4852505,Cc1[nH]c(C(=O)Nc2nc3c(OCc4ccccc4)cc(-c4nnn[nH]4)cc3s2)c(Cl)c1Cl,IC50,26.0,nM,=,CHEMBL4815323,CHEMBL3038482,7.585026652029182,500.3710000000002,5.251020000000002,3,7,121.47,6,5,5,1
CHEMBL4868407,Cc1[nH]c(C(=O)Nc2nc3c(OCc4ccccc4)cc(C(N)=O)cc3s2)c(Cl)c1Cl,IC50,1000.0,nM,>,CHEMBL4815323,CHEMBL3038482,6.0,475.3570000000002,5.169820000000002,3,5,110.1,6,4,4,1
CHEMBL4861727,COc1ccc2nccc(CCN3CCC(NCc4ccc(Cl)cc4)CC3)c2n1,IC50,1710.0,nM,=,CHEMBL4825464,CHEMBL3038482,5.767003889607846,410.94900000000007,4.088500000000003,1,5,50.28,7,4,3,0
CHEMBL4858549,COc1ccc2nccc(CCN3CCC(NCc4ccc(Br)cc4)CC3)c2n1,IC50,570.0,nM,=,CHEMBL4825464,CHEMBL3038482,6.2441251443275085,455.4000000000001,4.197600000000003,1,5,50.28,7,4,3,1
CHEMBL4873185,COc1ccc2nccc(CCN3CCC(NCc4ccc(I)cc4)CC3)c2n1,IC50,280.0,nM,=,CHEMBL4825464,CHEMBL3038482,6.552841968657781,502.4000000000001,4.039700000000003,1,5,50.28,7,4,3,1
CHEMBL4862136,COc1ccc2nccc(CCN3CCC(NCc4ccc(Cl)c(F)c4)CC3)c2n1,IC50,236.0,nM,=,CHEMBL4825464,CHEMBL3038482,6.627087997029894,428.9390000000001,4.227600000000003,1,5,50.28,7,4,3,1
CHEMBL4868908,COc1ccc2nccc(CCN3CCC(NCc4ccc(Br)c(F)c4)CC3)c2n1,IC50,197.0,nM,=,CHEMBL4825464,CHEMBL3038482,6.705533773838407,473.3900000000001,4.336700000000004,1,5,50.28,7,4,3,1
CHEMBL4879265,COc1ccc2nccc(CCN3CCC(NCc4ccc(I)c(F)c4)CC3)c2n1,IC50,67.0,nM,=,CHEMBL4825464,CHEMBL3038482,7.173925197299173,520.3900000000001,4.178800000000003,1,5,50.28,7,4,3,1
CHEMBL4879088,COc1ccc2nccc(CCN3CCC(NCc4cc(F)c(Cl)c(F)c4)CC3)c2n1,IC50,172.0,nM,=,CHEMBL4825464,CHEMBL3038482,6.764471553092451,446.9290000000001,4.366700000000003,1,5,50.28,7,4,3,1
CHEMBL4873479,COc1ccc2nccc(CCN3CCC(NCc4cc(F)c(Br)c(F)c4)CC3)c2n1,IC50,87.0,nM,=,CHEMBL4825464,CHEMBL3038482,7.060480747381382,491.3800000000001,4.475800000000004,1,5,50.28,7,4,3,1
CHEMBL4866999,COc1ccc2nccc(CCN3CCC(NCc4cc(F)c(Br)cc4F)CC3)c2n1,IC50,356.0,nM,=,CHEMBL4825464,CHEMBL3038482,6.448550002027125,491.3800000000001,4.475800000000004,1,5,50.28,7,4,3,1
CHEMBL4862951,COc1ccc2nccc(CCN3CCC(NCc4ccc(Br)c(F)c4F)CC3)c2n1,IC50,326.0,nM,=,CHEMBL4825464,CHEMBL3038482,6.486782399932061,491.3800000000001,4.475800000000004,1,5,50.28,7,4,3,1
CHEMBL4864750,COc1ccc2nccc(CCN3CCC(NCc4ccc(I)c(F)c4F)CC3)c2n1,IC50,126.0,nM,=,CHEMBL4825464,CHEMBL3038482,6.899629454882437,538.38,4.317900000000003,1,5,50.28,7,4,3,1
CHEMBL4874688,COc1ccc2nccc(CCN3CCC(NCc4ccc(Cl)nc4)CC3)c2n1,IC50,19770.0,nM,=,CHEMBL4825464,CHEMBL3038482,4.703993330686328,411.93700000000007,3.483500000000002,1,6,63.17,7,4,3,0
CHEMBL4855172,COc1ccc2nccc(CCN3CCC(NCc4ccc(Cl)cn4)CC3)c2n1,IC50,10310.0,nM,=,CHEMBL4825464,CHEMBL3038482,4.986741334716483,411.93700000000007,3.483500000000002,1,6,63.17,7,4,3,0
CHEMBL4877359,COc1ccc2ncc(F)c(C(O)C[C@H]3OC[C@H](NCc4ccc5c(c4)OCCO5)CO3)c2c1,IC50,64.0,nM,=,CHEMBL4840031,CHEMBL3038482,7.1938200260161125,470.4970000000003,3.108500000000001,2,8,91.3,7,5,3,1
CHEMBL4879360,COc1ccc2ncc(F)c(C(O)C[C@H]3OC[C@H](NCc4cc5c(cn4)OCCO5)CO3)c2c1,IC50,600.0,nM,=,CHEMBL4840031,CHEMBL3038482,6.221848749616356,471.4850000000003,2.5035000000000007,2,9,104.19,7,5,3,1
CHEMBL4877691,COc1ccc2ncc(F)c(C(O)C[C@H]3OC[C@H](NCc4cc5c(nn4)OCCS5)CO3)c2c1,IC50,370.0,nM,=,CHEMBL4840031,CHEMBL3038482,6.431798275933005,488.5410000000003,2.611800000000001,2,10,107.85,7,5,3,1
CHEMBL4848795,COc1ccc2ncc(F)c(C(O)C[C@H]3OC[C@H](NCc4ccc5c(n4)NC(=O)CO5)CO3)c2c1,IC50,520.0,nM,=,CHEMBL4840031,CHEMBL3038482,6.2839966563652006,484.48400000000026,2.0632,3,9,124.06,7,5,3,1
CHEMBL4847289,COc1ccc2ncc(F)c(C(O)C[C@H]3OC[C@H](NCc4ccc5c(n4)NC(=O)CS5)CO3)c2c1,IC50,330.0,nM,=,CHEMBL4840031,CHEMBL3038482,6.481486060122113,500.55200000000025,2.7765000000000004,3,9,114.83,7,5,3,1
CHEMBL4863171,COc1ccc2ncc(F)c(C(O)C[C@H]3OC[C@H](NCc4ccc(Cl)c(Cl)c4)CO3)c2c1,IC50,160.0,nM,=,CHEMBL4840031,CHEMBL3038482,6.795880017344075,481.35100000000017,4.6441000000000034,2,6,72.84,7,4,3,1
CHEMBL4876514,COc1ccc2ncc(F)c(C(O)C[C@H]3OC[C@H](NCc4ccc(C)cc4)CO3)c2c1,IC50,110.0,nM,=,CHEMBL4840031,CHEMBL3038482,6.958607314841775,426.48800000000017,3.6457200000000025,2,6,72.84,7,4,3,1
CHEMBL4854247,COc1ccc2ncc(F)c(C(O)C[C@H]3OC[C@H](NCc4ccc5c(c4)OCCO5)CO3)c2n1,IC50,22.0,nM,=,CHEMBL4840031,CHEMBL3038482,7.657577319177793,471.4850000000003,2.5035000000000007,2,9,104.19,7,5,3,1
CHEMBL4846316,COc1ccc2ncc(F)c(C(O)C[C@H]3OC[C@H](NCc4cc5c(cn4)OCCO5)CO3)c2n1,IC50,160.0,nM,=,CHEMBL4840031,CHEMBL3038482,6.795880017344075,472.4730000000003,1.8985,2,10,117.08,7,5,3,1
CHEMBL4847286,COc1ccc2ncc(F)c(C(O)C[C@H]3OC[C@H](NCc4cc5c(nn4)OCCS5)CO3)c2n1,IC50,240.0,nM,=,CHEMBL4840031,CHEMBL3038482,6.619788758288394,489.5290000000003,2.0068,2,11,120.74,7,5,3,1
CHEMBL4859342,COc1ccc2ncc(F)c(C(O)C[C@H]3OC[C@H](NCc4ccc5c(n4)NC(=O)CS5)CO3)c2n1,IC50,54.0,nM,=,CHEMBL4840031,CHEMBL3038482,7.267606240177032,501.54000000000025,2.1715,3,10,127.72,7,5,3,1
CHEMBL4850745,COc1ccc2ncc(F)c(C(O)C[C@H]3OC[C@H](NCc4ccc(Cl)c(Cl)c4)CO3)c2n1,IC50,220.0,nM,=,CHEMBL4840031,CHEMBL3038482,6.657577319177793,482.33900000000017,4.039100000000003,2,7,85.73,7,4,3,1
CHEMBL4864841,COc1ccc2ncc(=O)n(CC(O)[C@H]3OC[C@H](NCc4ccc5c(c4)OCCO5)CO3)c2c1,IC50,19.0,nM,=,CHEMBL4840031,CHEMBL3038482,7.721246399047171,469.4940000000003,1.0684999999999991,2,9,113.3,7,5,3,1
CHEMBL4861334,COc1ccc2ncc(=O)n(CC(O)[C@H]3OC[C@H](NCc4cc5c(cn4)OCCO5)CO3)c2n1,IC50,180.0,nM,=,CHEMBL4840031,CHEMBL3038482,6.7447274948966935,471.4700000000003,-0.1414999999999993,2,11,139.08,7,5,3,1
CHEMBL4877845,COc1ccc2ncc(F)c(C[C@H](O)[C@H]3OC[C@H](NCc4ccc5c(c4)OCCO5)CO3)c2c1,IC50,31.0,nM,=,CHEMBL4840031,CHEMBL3038482,7.508638306165727,470.4970000000003,2.5884,2,8,91.3,7,5,3,1
CHEMBL4853297,COc1ccc2ncc(F)c(C[C@H](O)[C@H]3OC[C@H](NCc4cc5c(cn4)OCCO5)CO3)c2c1,IC50,42.0,nM,=,CHEMBL4840031,CHEMBL3038482,7.376750709602099,471.4850000000003,1.9834,2,9,104.19,7,5,3,1
CHEMBL4869090,COc1ccc2ncc(F)c(C[C@H](O)[C@H]3OC[C@H](NCc4cc5c(nn4)OCCS5)CO3)c2c1,IC50,56.0,nM,=,CHEMBL4840031,CHEMBL3038482,7.251811972993799,488.5410000000003,2.0916999999999994,2,10,107.85,7,5,3,1
CHEMBL4856816,COc1ccc2ncc(F)c(C[C@H](O)[C@H]3OC[C@H](NCc4cc5c(nn4)OCCO5)CO3)c2c1,IC50,840.0,nM,=,CHEMBL4840031,CHEMBL3038482,6.075720713938118,472.4730000000003,1.3783999999999996,2,10,117.08,7,5,3,1
CHEMBL4867350,COc1ccc2ncc(F)c(C[C@H](O)[C@H]3OC[C@H](NCc4ccc5c(n4)NC(=O)CO5)CO3)c2c1,IC50,84.0,nM,=,CHEMBL4840031,CHEMBL3038482,7.075720713938118,484.48400000000026,1.5430999999999997,3,9,124.06,7,5,3,1
CHEMBL4875838,COc1ccc2ncc(F)c(C[C@H](O)[C@H]3OC[C@H](NCc4ccc(Cl)c(Cl)c4)CO3)c2c1,IC50,56.0,nM,=,CHEMBL4840031,CHEMBL3038482,7.251811972993799,481.35100000000017,4.124000000000002,2,6,72.84,7,4,3,1
CHEMBL4872821,COc1ccc2ncc(F)c(C[C@H](O)[C@H]3OC[C@H](NCc4ccc(C)cc4)CO3)c2c1,IC50,14.0,nM,=,CHEMBL4840031,CHEMBL3038482,7.853871964321762,426.48800000000017,3.1256200000000014,2,6,72.84,7,4,3,1
CHEMBL4851183,COc1ccc2ccc(F)c(C[C@H](O)[C@H]3OC[C@H](NCc4cc5c(cn4)OCCO5)CO3)c2n1,IC50,13.0,nM,=,CHEMBL4840031,CHEMBL3038482,7.886056647693163,471.4850000000003,1.9834,2,9,104.19,7,5,3,1
CHEMBL4862813,COc1ccc2ccc(F)c(C[C@H](O)[C@H]3OC[C@H](NCc4cc5c(nn4)OCCS5)CO3)c2n1,IC50,120.0,nM,=,CHEMBL4840031,CHEMBL3038482,6.920818753952375,488.5410000000003,2.0917,2,10,107.85,7,5,3,1
CHEMBL4848487,COc1ccc2ccc(F)c(C[C@H](O)[C@H]3OC[C@H](NCc4ccc5c(n4)NC(=O)CO5)CO3)c2n1,IC50,95.0,nM,=,CHEMBL4840031,CHEMBL3038482,7.022276394711152,484.48400000000026,1.5431,3,9,124.06000000000002,7,5,3,1
CHEMBL4855186,COc1ccc2ccc(F)c(C[C@H](O)[C@H]3OC[C@H](NCc4ccc(Cl)c(Cl)c4)CO3)c2n1,IC50,43.0,nM,=,CHEMBL4840031,CHEMBL3038482,7.366531544420414,481.3510000000002,4.124000000000003,2,6,72.84,7,4,3,1
CHEMBL4867964,COc1ccc2ncc(F)c(C[C@H](O)[C@H]3OC[C@H](NCc4ccc5c(c4)OCCO5)CO3)c2n1,IC50,60.0,nM,=,CHEMBL4840031,CHEMBL3038482,7.221848749616356,471.4850000000003,1.9834,2,9,104.19,7,5,3,1
CHEMBL4865826,COc1ccc2ncc(F)c(C[C@H](O)[C@H]3OC[C@H](NCc4cc5c(cn4)OCCO5)CO3)c2n1,IC50,39.0,nM,=,CHEMBL4840031,CHEMBL3038482,7.4089353929735005,472.4730000000003,1.3783999999999994,2,10,117.08,7,5,3,1
CHEMBL4874489,COc1ccc2ncc(F)c(C[C@H](O)[C@H]3OC[C@H](NCc4cc5c(cn4)OCCC5)CO3)c2n1,IC50,140.0,nM,=,CHEMBL4840031,CHEMBL3038482,6.853871964321762,470.5010000000003,1.9322,2,9,107.85,7,5,3,1
CHEMBL4852949,COc1ccc2ncc(F)c(C[C@H](O)[C@H]3OC[C@H](NCc4cc5c(nn4)OCCS5)CO3)c2n1,IC50,220.0,nM,=,CHEMBL4840031,CHEMBL3038482,6.657577319177793,489.5290000000003,1.4866999999999997,2,11,120.74,7,5,3,1
CHEMBL4869043,COc1ccc2ncc(F)c(C[C@H](O)[C@H]3OC[C@H](NCc4cc5c(nn4)OCCO5)CO3)c2n1,IC50,32000.0,nM,=,CHEMBL4840031,CHEMBL3038482,4.494850021680094,473.4610000000003,0.7733999999999996,2,11,129.97000000000003,7,5,3,0
CHEMBL4864940,COc1ccc2ncc(F)c(C[C@H](O)[C@H]3OC[C@H](NCc4cnc5c(n4)OCCO5)CO3)c2n1,IC50,360.0,nM,=,CHEMBL4840031,CHEMBL3038482,6.443697499232712,473.4610000000003,0.7733999999999992,2,11,129.97000000000003,7,5,3,1
CHEMBL4856026,COc1ccc2ncc(F)c(C[C@H](O)[C@H]3OC[C@H](NCc4cc5c(cn4)OCS5)CO3)c2n1,IC50,99.0,nM,=,CHEMBL4840031,CHEMBL3038482,7.00436480540245,474.5140000000002,2.0491999999999995,2,10,107.85,7,5,3,1
CHEMBL4875532,COc1ccc2ncc(F)c(C[C@H](O)[C@H]3OC[C@H](NCc4cc5c(cn4)OCO5)CO3)c2n1,IC50,850.0,nM,=,CHEMBL4840031,CHEMBL3038482,6.070581074285707,458.44600000000025,1.3358999999999996,2,10,117.08,7,5,3,1
CHEMBL4869929,COc1ccc2ncc(F)c(C[C@H](O)[C@H]3OC[C@H](NCc4cc5c(cn4)OCC(=O)N5)CO3)c2n1,IC50,61.0,nM,=,CHEMBL4840031,CHEMBL3038482,7.214670164989233,485.47200000000026,0.9380999999999998,3,10,136.95000000000002,7,5,3,1
CHEMBL4875924,COc1ccc2ncc(F)c(C[C@H](O)[C@H]3OC[C@H](NCc4cc5c(cn4)SCC(=O)N5)CO3)c2n1,IC50,160.0,nM,=,CHEMBL4840031,CHEMBL3038482,6.795880017344075,501.54000000000025,1.6513999999999995,3,10,127.72,7,5,3,1
CHEMBL4869986,COc1ccc2ncc(F)c(C[C@H](O)[C@H]3OC[C@H](NCc4ccc(Cl)c(Cl)c4)CO3)c2n1,IC50,160.0,nM,=,CHEMBL4840031,CHEMBL3038482,6.795880017344075,482.33900000000017,3.519000000000001,2,7,85.73,7,4,3,1
CHEMBL4868523,COc1ccc2ncc(F)c(C[C@H](O)[C@H]3OC[C@H](NCc4ccc(C)cc4)CO3)c2n1,IC50,160.0,nM,=,CHEMBL4840031,CHEMBL3038482,6.795880017344075,427.47600000000017,2.52062,2,7,85.73,7,4,3,1
CHEMBL5176134,COc1ccc2ncc(F)c(CCCN3CCN(CCSc4cccs4)C[C@@H]3C(=O)O)c2c1,IC50,370.0,nM,=,CHEMBL5133361,CHEMBL3038482,6.431798275933005,489.6380000000002,4.239700000000003,1,7,65.9,10,4,3,1
CHEMBL5176331,COc1ccc2ncc(F)c(/C=C/CN3CCN(CCSc4cccs4)C[C@@H]3C(=O)O)c2c1,IC50,680.0,nM,=,CHEMBL5133361,CHEMBL3038482,6.167491087293763,487.6220000000002,4.320300000000003,1,7,65.9,9,4,3,1
CHEMBL5207657,COc1ccc2ncc(F)c(/C=C\CN3CCN(CCSc4cccs4)C[C@@H]3C(=O)O)c2c1,IC50,280.0,nM,=,CHEMBL5133361,CHEMBL3038482,6.552841968657781,487.6220000000002,4.320300000000003,1,7,65.9,9,4,3,1
CHEMBL5206355,COc1ccc2ncc(F)c(C#CCN3CCN(CCSc4cccs4)C[C@@H]3C(=O)O)c2c1,IC50,480.0,nM,=,CHEMBL5133361,CHEMBL3038482,6.318758762624412,485.6060000000002,3.6586000000000025,1,7,65.9,7,4,3,1
CHEMBL5183842,COC(=O)[C@H]1CN(CCSc2cccs2)CCN1CCCc1c(F)cnc2ccc(OC)cc12,IC50,300000.0,nM,=,CHEMBL5133361,CHEMBL3038482,3.5228787452803374,503.6650000000004,4.328100000000004,0,8,54.900000000000006,10,4,3,0
CHEMBL5176046,COc1ccc2ncc(F)c(CCCN3CCN(CCCc4ccccc4)C[C@@H]3C(=O)O)c2c1,IC50,460.0,nM,=,CHEMBL5133361,CHEMBL3038482,6.337242168318426,465.5690000000002,4.018700000000003,1,5,65.9,10,4,3,1
CHEMBL5199813,COc1ccc2ncc(F)c(CCCN3CCN(C/C=C/c4ccccc4)C[C@@H]3C(=O)O)c2c1,IC50,190.0,nM,=,CHEMBL5133361,CHEMBL3038482,6.721246399047171,463.55300000000017,4.099300000000003,1,5,65.9,9,4,3,1
CHEMBL5204986,COc1ccc2ncc(F)c(CCCN3CCN(CCc4ccccc4)C[C@@H]3C(=O)O)c2c1,IC50,540.0,nM,=,CHEMBL5133361,CHEMBL3038482,6.267606240177032,451.5420000000002,3.6286000000000014,1,5,65.9,9,4,3,1
CHEMBL5176348,COc1ccc2ncc(F)c(CCCN3CCN(CCCCc4ccccc4)C[C@@H]3C(=O)O)c2c1,IC50,370.0,nM,=,CHEMBL5133361,CHEMBL3038482,6.431798275933005,479.5960000000003,4.408800000000004,1,5,65.9,11,4,3,1
CHEMBL5178214,COc1ccc2ncc(F)c(CCCN3CCN(C/C=C/c4cc(F)ccc4F)C[C@@H]3C(=O)O)c2c1,IC50,280.0,nM,=,CHEMBL5133361,CHEMBL3038482,6.552841968657781,499.5330000000002,4.377500000000003,1,5,65.9,9,4,3,1
CHEMBL5200272,O=c1ccc2ncc(F)c3c2n1CC3C[C@H]1OC[C@H](NCc2ccc3c(c2)OCCO3)CO1,IC50,47.0,nM,=,CHEMBL5136542,CHEMBL3038482,7.327902142064283,453.4700000000003,2.3254,1,7,83.84000000000002,5,6,3,1
CHEMBL5201666,O=c1ccc2ccc(F)c3c2n1CC3C[C@H]1OC[C@H](NCc2ccc3c(c2)OCCO3)CO1,IC50,230.0,nM,=,CHEMBL5136542,CHEMBL3038482,6.638272163982407,452.48200000000026,2.930400000000001,1,6,70.95,5,6,3,1
CHEMBL5171625,COc1ccc2ncc(F)c(C[C@H](O)[C@H]3OC[C@H](NC(=O)c4ccc5c(c4)OCCO5)CO3)c2n1,IC50,230.0,nM,=,CHEMBL5136542,CHEMBL3038482,6.638272163982407,485.4680000000003,1.6236,2,9,121.26000000000002,6,5,3,1
CHEMBL5190565,O=c1ccc2ncc(F)c3c2n1CC3C[C@H]1OC[C@H](NCc2cc3c(cn2)OCCC3)CO1,IC50,2100.0,nM,=,CHEMBL5136542,CHEMBL3038482,5.6777807052660805,452.48600000000033,2.2742000000000004,1,7,87.50000000000001,5,6,3,0
CHEMBL5195074,O=c1ccc2ccc(F)c3c2n1CC3C[C@H]1OC[C@H](NCc2cc3c(cn2)OCCC3)CO1,IC50,580.0,nM,=,CHEMBL5136542,CHEMBL3038482,6.236572006437063,451.4980000000003,2.879200000000001,1,6,74.61,5,6,3,1
CHEMBL5204820,O=c1ccc2ncc(F)c3c2n1CC3C[C@H]1OC[C@H](NCc2cc3c(nn2)OCCS3)CO1,IC50,1800.0,nM,=,CHEMBL5136542,CHEMBL3038482,5.7447274948966935,471.5140000000003,1.8287,1,9,100.39,5,6,3,0
CHEMBL5209188,O=c1ccc2ccc(F)c3c2n1CC3C[C@H]1OC[C@H](NCc2cc3c(nn2)OCCS3)CO1,IC50,1700.0,nM,=,CHEMBL5136542,CHEMBL3038482,5.769551078621726,470.5260000000002,2.4337,1,8,87.5,5,6,3,0
CHEMBL5197477,O=c1ccc2ccc(F)c3c2n1CC3C[C@H]1OC[C@H](NCc2cc3c(nn2)OCCO3)CO1,IC50,3500.0,nM,=,CHEMBL5136542,CHEMBL3038482,5.455931955649724,454.45800000000025,1.7203999999999997,1,8,96.73,5,6,3,0
CHEMBL5183589,O=C1COc2ccc(CN[C@H]3CO[C@H](CC4Cn5c(=O)ccc6ncc(F)c4c65)OC3)nc2N1,IC50,4200.0,nM,=,CHEMBL5136542,CHEMBL3038482,5.376750709602099,467.45700000000016,1.2800999999999991,2,8,116.6,5,6,3,0
CHEMBL5197372,O=C1COc2ccc(CN[C@H]3CO[C@H](CC4Cn5c(=O)ccc6ccc(F)c4c65)OC3)nc2N1,IC50,1600.0,nM,=,CHEMBL5136542,CHEMBL3038482,5.795880017344075,466.46900000000016,1.8850999999999989,2,7,103.71,5,6,3,0
CHEMBL5208691,O=C1CSc2ccc(CN[C@H]3CO[C@H](CC4Cn5c(=O)ccc6ncc(F)c4c65)OC3)nc2N1,IC50,1400.0,nM,=,CHEMBL5136542,CHEMBL3038482,5.853871964321762,483.5250000000002,1.9934,2,8,107.37,5,6,3,0
CHEMBL5196889,COc1ccc2ncc(F)c(C[C@H](O)[C@H]3OC[C@H](NC(=O)c4ccc5c(n4)NC(=O)CS5)CO3)c2n1,IC50,150.0,nM,=,CHEMBL5136542,CHEMBL3038482,6.823908740944319,515.5230000000003,1.2916,3,10,144.79000000000002,6,5,3,1
CHEMBL4537408,O=c1ccc2ncc(=O)n3c2n1CC3CN1CCC(NCc2cc3c(cn2)OCCC3)CC1,IC50,170.0,nM,=,CHEMBL5136542,CHEMBL3038482,6.769551078621726,448.5270000000003,1.0870999999999995,1,7,94.28,5,6,3,1
CHEMBL5177294,COc1ccc2ncc(F)c(C[C@H](O)[C@H]3OC[C@H](NC(=O)c4ccc5c(n4)NC(=O)CO5)CO3)c2n1,IC50,190.0,nM,=,CHEMBL5136542,CHEMBL3038482,6.721246399047171,499.45500000000027,0.5782999999999995,3,10,154.01999999999998,6,5,3,1
CHEMBL5201644,C[C@@H]1CN2c3c(cc4c(N5CC[C@H](O)C5)noc4c3F)CC3(C(=O)NC(=O)NC3=O)[C@H]2[C@H](C)O1,IC50,6900.0,nM,=,CHEMBL5166518,CHEMBL3038482,5.161150909262744,473.4610000000002,0.4286000000000002,3,9,137.23999999999998,1,6,2,0
CHEMBL5206134,C[C@@H]1CN2c3c(cc4c(N5C[C@@H](O)[C@H](O)C5)noc4c3F)CC3(C(=O)NC(=O)NC3=O)[C@H]2[C@H](C)O1,IC50,6600.0,nM,=,CHEMBL5166518,CHEMBL3038482,5.180456064458132,489.4600000000002,-0.6005999999999982,4,10,157.46999999999997,1,6,2,0
CHEMBL3544978,C[C@@H]1CN2c3c(cc4c(N5C(=O)OC[C@@H]5C)noc4c3F)CC3(C(=O)NC(=O)NC3=O)[C@H]2[C@H](C)O1,IC50,4300.0,nM,=,CHEMBL5166518,CHEMBL3038482,5.366531544420414,487.4440000000002,1.2027,2,9,143.30999999999997,1,6,2,0
CHEMBL3658966,C[C@@H]1CN2c3c(cc4c(-n5cncn5)noc4c3F)CC3(C(=O)NC(=O)NC3=O)[C@H]2[C@H](C)O1,IC50,1700.0,nM,=,CHEMBL5166518,CHEMBL3038482,5.769551078621726,455.4060000000002,0.4382999999999996,2,9,144.48,1,6,3,0
CHEMBL5183469,C[C@@H]1CN2c3c(cc4c(N5CC[C@H](O)C5)noc4c3F)CC3(C(=O)NC(=O)NC3=O)[C@H]2[C@H](C)N1C#N,IC50,3100.0,nM,=,CHEMBL5166518,CHEMBL3038482,5.508638306165727,497.4870000000002,0.1950800000000002,3,10,155.04,1,6,2,0
CHEMBL5268427,Cc1c(Cl)ccc2cc(/C=C/C(=O)c3ccc(Br)cc3)c(Cl)nc12,IC50,0.14,ug.mL-1,=,CHEMBL5233628,CHEMBL3038482,9.853871964321762,421.1210000000001,6.508620000000002,0,2,29.96,3,3,3,1
CHEMBL5272158,CCn1cc(C(=O)N[C@H](CCCNC(=N)N)C(=O)N[C@@H](CC2CCCCC2)C(=O)N[C@H](CCCNC(=N)N)C(=O)N[C@@H](CC2CCCCC2)C(=O)N[C@H](CCCNC(=N)N)C(=O)N[C@@H](CC2CCCCC2)C(N)=O)c(=O)c2ccc(C)nc21,IC50,25000.0,nM,=,CHEMBL5234520,CHEMBL3038482,4.6020599913279625,1159.496999999999,1.4335299999999906,16,12,438.2799999999999,32,5,2,0
CHEMBL5286132,CCn1cc(C(=O)N[C@@H](CC2CCCCC2)C(=O)N[C@H](CCCNC(=N)N)C(=O)N[C@@H](CC2CCCCC2)C(=O)N[C@H](CCCNC(=N)N)C(=O)N[C@@H](CC2CCCCC2)C(=O)N[C@H](CCCNC(=N)N)C(=O)N[C@@H](CC2CCCCC2)C(N)=O)c(=O)c2ccc(C)nc21,IC50,25000.0,nM,=,CHEMBL5234520,CHEMBL3038482,4.6020599913279625,1312.7219999999993,2.8887299999999883,17,13,467.3799999999998,36,6,2,0
CHEMBL5,CCn1cc(C(=O)O)c(=O)c2ccc(C)nc21,IC50,800000.0,nM,=,CHEMBL5234520,CHEMBL3038482,3.096910013008056,232.239,1.4230200000000002,1,3,72.19,2,2,2,0
CHEMBL5284259,COc1ccc2ccc(F)c(CC(=O)N/N=C/c3ccc(F)cc3F)c2n1,IC50,140.0,ug.mL-1,=,CHEMBL5234520,CHEMBL3038482,6.853871964321762,373.334,3.353500000000002,1,4,63.58,5,3,3,1
CHEMBL5272532,S=C(NCCc1c[nH]c2ccccc12)Nc1ccc(Cl)c(Cl)c1,IC50,72.6,ug.mL-1,=,CHEMBL5234520,CHEMBL3038482,7.139063379299906,364.30100000000016,5.003800000000003,3,1,39.85,4,3,3,1
CHEMBL5267457,COc1cc2c(cc1OCCCC(=O)Nc1cc(C(=O)Nc3ccc4occc4c3)n(C)c1)N=C[C@@H]1CCCN1C2=O,IC50,1.65,ug.mL-1,=,CHEMBL5234550,CHEMBL3038482,8.782516055786093,569.618,5.150400000000004,2,7,127.39999999999998,9,6,4,1
CHEMBL5271201,COc1cc2c(cc1OCCCC(=O)Nc1cc(C(=O)Nc3ccc4sccc4c3)n(C)c1)N=C[C@@H]1CCCN1C2=O,IC50,2.28,ug.mL-1,=,CHEMBL5234550,CHEMBL3038482,8.642065152999546,585.6859999999998,5.618900000000006,2,7,114.26,9,6,4,1
CHEMBL5282942,COc1cc2c(cc1OCCCC(=O)Nc1cc(NC(=O)c3ccc4sccc4c3)n(C)c1)N=C[C@@H]1CCCN1C2=O,IC50,0.95,ug.mL-1,=,CHEMBL5234550,CHEMBL3038482,9.022276394711152,585.6859999999999,5.618900000000006,2,7,114.26,9,6,4,1
CHEMBL5288212,Cc1[nH]c(C(=O)Nc2nc3c(N4CCOCC4)cc(C(=O)O)cc3s2)c(Cl)c1Cl,IC50,1.22,nM,=,CHEMBL5251409,CHEMBL3038482,8.913640169325252,455.3230000000001,4.026720000000002,3,6,107.55,4,4,3,1
CHEMBL4555272,CO[C@@H]1[C@@H](OC(=O)c2ccc(C)[nH]2)[C@@H](O)[C@H](Oc2ccc3c(O)c(NC(=O)c4c[nH]c(C(=O)Nc5c(O)c6ccc(O[C@@H]7OC(C)(C)[C@H](OC)[C@@H](OC(=O)c8ccc(C)[nH]8)[C@H]7O)c(C)c6oc5=O)c4C)c(=O)oc3c2C)OC1(C)C,IC50,6.0,nM,=,CHEMBL5253303,CHEMBL3038482,8.221848749616356,1110.0919999999996,5.572000000000005,9,20,354.89,14,9,7,1
CHEMBL5267495,C=C1CC[C@@H](O[C@H]2C[C@@](O)([C@H](C)NC(=O)c3[nH]c(C)c(Cl)c3Cl)[C@H](O)[C@@H](C)O2)[C@@H]2CC[C@H](C)[C@H](/C(O)=C3\C(=O)[C@H](C(C)C)N([C@@H]4O[C@@H](C)[C@@H](OC(N)=O)[C@@H](OC(C)=O)[C@H]4OC)C3=O)[C@@H]12,IC50,9.0,nM,=,CHEMBL5253308,CHEMBL3038482,8.045757490560675,941.9,4.3922200000000045,6,14,258.5,11,6,1,1
CHEMBL5268060,C=C1CC[C@@H](O[C@H]2C[C@@](O)([C@H](C)NC(=O)c3[nH]cc(Cl)c3Cl)[C@H](O)[C@@H](C)O2)[C@@H]2CC[C@H](C)[C@H](/C(O)=C3\C(=O)[C@H](C(C)C)N([C@@H]4O[C@@H](C)[C@@H](OC(N)=O)[C@@H](OC(C)=O)[C@H]4OC)C3=O)[C@@H]12,IC50,400.0,nM,=,CHEMBL5253308,CHEMBL3038482,6.3979400086720375,927.8730000000002,4.083800000000004,6,14,258.5,11,6,1,1
CHEMBL5437108,CC(=O)OC[C@H]1O[C@@H](NC(=S)Nc2nc(-c3ccc(Cl)cc3)cs2)[C@H](OC(C)=O)[C@@H](OC(C)=O)[C@@H]1OC(C)=O,IC50,2820.0,nM,=,CHEMBL5329252,CHEMBL3038482,5.549750891680639,600.0710000000003,2.833000000000001,2,12,151.38,8,3,2,0
CHEMBL5435219,COc1ccc(-c2csc(NC(=S)N[C@@H]3O[C@H](COC(C)=O)[C@@H](OC(C)=O)[C@H](OC(C)=O)[C@H]3OC(C)=O)n2)cc1,IC50,1370.0,nM,=,CHEMBL5329252,CHEMBL3038482,5.863279432843593,595.6520000000003,2.1881999999999997,2,13,160.61,9,3,2,0
CHEMBL5433070,COc1ccc(-c2csc(NC(=S)N[C@@H]3O[C@H](COC(C)=O)[C@@H](OC(C)=O)[C@H](OC(C)=O)[C@H]3OC(C)=O)n2)cc1[N+](=O)[O-],IC50,1250.0,nM,=,CHEMBL5329252,CHEMBL3038482,5.903089986991944,640.6490000000002,2.096399999999999,2,15,203.75,10,3,2,0
CHEMBL5402120,COc1ccc2nccc(OC[C@H]3CC[C@H](NCc4cc(F)c(Br)c(F)c4)CC3)c2n1,IC50,113.0,nM,=,CHEMBL5387417,CHEMBL3038482,6.94692155651658,492.36400000000015,5.406500000000005,1,5,56.27,7,4,3,1
CHEMBL5417501,COc1ccc2nccc(OC[C@@H]3CC[C@@H](NCc4cc(F)c(Br)c(F)c4)CO3)c2n1,IC50,56.0,nM,=,CHEMBL5387417,CHEMBL3038482,7.251811972993799,494.3360000000001,4.395300000000003,1,6,65.5,7,4,3,1
CHEMBL5428752,COc1ccc2nccc(C(O)C[C@H]3CC[C@H](NCc4cc(F)c(Br)c(F)c4)CC3)c2n1,IC50,21.0,nM,=,CHEMBL5387417,CHEMBL3038482,7.67778070526608,506.3910000000002,5.4512000000000045,2,5,67.27000000000001,7,4,3,1
CHEMBL5395597,COc1ccc2nccc(CCN3CCC(NC(=O)c4cc(F)c(Cl)c(F)c4)CC3)c2n1,IC50,220.0,nM,=,CHEMBL5387417,CHEMBL3038482,6.657577319177793,460.91200000000015,4.006900000000003,1,5,67.35,6,4,3,1
CHEMBL5441103,COc1ccc2nccc(CCN3CCC(NC(=O)c4cc(F)c(Br)c(F)c4)CC3)c2n1,IC50,108.0,nM,=,CHEMBL5387417,CHEMBL3038482,6.966576244513051,505.36300000000017,4.116000000000003,1,5,67.35,6,4,3,1
CHEMBL5420593,COc1ccc2nccc(CCN3CCC(NC(=O)c4ccc(I)c(F)c4)CC3)c2n1,IC50,114.0,nM,=,CHEMBL5387417,CHEMBL3038482,6.943095148663527,534.373,3.8190000000000026,1,5,67.35,6,4,3,1
CHEMBL5432283,COc1ccc2nccc(OC[C@H]3CC[C@H](NC(=O)c4cc(F)c(Cl)c(F)c4)CC3)c2n1,IC50,100000.0,nM,>,CHEMBL5387417,CHEMBL3038482,4.0,461.8960000000002,4.937600000000004,1,5,73.34,6,4,3,0
CHEMBL5431772,COc1ccc2nccc(OC[C@H]3CC[C@H](NC(=O)c4cc(F)c(Br)c(F)c4)CC3)c2n1,IC50,100000.0,nM,>,CHEMBL5387417,CHEMBL3038482,4.0,506.34700000000015,5.046700000000004,1,5,73.34,6,4,3,0
CHEMBL5429864,COc1ccc2nccc(OC[C@H]3CC[C@H](NC(=O)c4ccc(I)c(F)c4)CC3)c2n1,IC50,100000.0,nM,>,CHEMBL5387417,CHEMBL3038482,4.0,535.3570000000001,4.749700000000004,1,5,73.34,6,4,3,0
CHEMBL5394250,COc1ccc2nccc(OC[C@@H]3CC[C@@H](NC(=O)c4cc(F)c(Cl)c(F)c4)CO3)c2n1,IC50,445.0,nM,=,CHEMBL5387417,CHEMBL3038482,6.351639989019068,463.86800000000017,3.926400000000002,1,6,82.57000000000001,6,4,3,1
CHEMBL5406927,COc1ccc2nccc(OC[C@@H]3CC[C@@H](NC(=O)c4cc(F)c(Br)c(F)c4)CO3)c2n1,IC50,185.0,nM,=,CHEMBL5387417,CHEMBL3038482,6.732828271596986,508.3190000000001,4.0355000000000025,1,6,82.57000000000001,6,4,3,1
CHEMBL5421348,COc1ccc2nccc(OC[C@@H]3CC[C@@H](NC(=O)c4ccc(I)c(F)c4)CO3)c2n1,IC50,271.0,nM,=,CHEMBL5387417,CHEMBL3038482,6.567030709125595,537.3290000000001,3.738500000000002,1,6,82.57000000000001,6,4,3,1
CHEMBL5559269,O=S(=O)(c1ccc2nc3s/c(=N/N=C\c4cccs4)n(-c4ccc(Cl)cc4)c3nc2c1)N1CCOCC1,IC50,10380.0,nM,=,CHEMBL5518376,CHEMBL3038482,4.983802646487561,571.109,4.305800000000004,0,9,102.04,5,6,5,0
CHEMBL5557868,COC(=O)CC(=O)Nc1nc2c(s1)C[C@@H](NC(=O)c1[nH]c(C)c(Br)c1Cl)CC2,IC50,3700.0,nM,=,CHEMBL5518392,CHEMBL3038482,5.431798275933005,489.7790000000002,2.984420000000002,3,6,113.18,5,3,2,0
CHEMBL5595242,COc1ccc2ncc(F)c(CCN3CCC(C(O)Cc4ccc(C)cc4)CC3)c2n1,IC50,240.0,nM,=,CHEMBL5582096,CHEMBL3038482,6.619788758288394,423.5320000000002,3.9440200000000023,1,5,58.48,7,4,3,1
CHEMBL5593239,COc1ccc2ncc(F)c(CCN3CCC(C(N)Cc4ccc(C)cc4)CC3)c2n1,IC50,5050.0,nM,=,CHEMBL5582096,CHEMBL3038482,5.296708621881338,422.5480000000002,3.910420000000003,1,5,64.27,7,4,3,0
CHEMBL5590983,COc1ccc2ncc(F)c(CCN3CCC([C@H](O)[C@H](O)c4ccc(C)cc4)CC3)c2n1,IC50,65.0,nM,=,CHEMBL5582096,CHEMBL3038482,7.187086643357144,439.5310000000002,3.434920000000002,2,6,78.71000000000001,7,4,3,1
CHEMBL5590170,COc1ccc2ncc(F)c(CCN3CCC(NCc4ccc(C)cc4)CC3)c2n1,IC50,4.0,nM,=,CHEMBL5582096,CHEMBL3038482,8.397940008672037,408.5210000000002,3.882620000000003,1,5,50.28,7,4,3,1
CHEMBL5647058,COc1c(N2C[C@@H]3CCCN(Cc4cnc(C)c(O)c4C)[C@@H]3C2)c(F)cc2c(=O)c(C(=O)O)cn(C3CC3)c12.Cl.Cl,IC50,400.0,ug.mL-1,>,CHEMBL5635971,CHEMBL3038482,6.3979400086720375,609.5260000000003,4.844140000000006,2,7,108.13,6,6,3,1
CHEMBL5641537,Cc1ncc(CN2CCN(c3cc4c(cc3F)c(=O)c(C(=O)O)cn4C3CC3)CC2)c(CO)c1O.Cl,IC50,31.0,ug.mL-1,=,CHEMBL5635971,CHEMBL3038482,7.508638306165727,518.9730000000004,2.8190200000000023,3,7,119.13000000000002,6,5,3,1
CHEMBL6102513,Cc1[nH]c(C(=O)Nc2ccc(-c3noc(=O)[nH]3)cc2N2CCCC(N)C2)c(Cl)c1Cl.Cl,IC50,55.8,nM,=,CHEMBL6072662,CHEMBL3038482,7.253365801062421,487.77500000000026,3.574820000000002,4,6,133.04,4,4,3,1
CHEMBL6074545,Cc1[nH]c(C(=O)Nc2ccc(-c3noc(=O)[nH]3)cc2N2CCCC(CN)C2)c(Cl)c1Cl.Cl,IC50,24.1,nM,=,CHEMBL6072662,CHEMBL3038482,7.617982957425132,501.8020000000003,3.8224200000000015,4,6,133.04,5,4,3,1
CHEMBL6108958,Cc1[nH]c(C(=O)Nc2ccc(-c3noc(=O)[nH]3)cc2NC2CCNCC2)c(Cl)c1Cl.Cl,IC50,249.0,nM,=,CHEMBL6072662,CHEMBL3038482,6.603800652904264,487.77500000000015,3.811220000000002,5,6,127.84,5,4,3,1
CHEMBL6074536,Cc1[nH]c(C(=O)Nc2ccc(-c3nnn[nH]3)cc2N2CCCC(CN)C2)c(Cl)c1Cl.Cl,IC50,35.0,nM,=,CHEMBL6072662,CHEMBL3038482,7.455931955649724,485.8070000000003,3.6592200000000026,4,6,128.61,5,4,3,1
CHEMBL6078012,Cc1[nH]c(C(=O)Nc2ccc(-n3nn[nH]c3=O)cc2N2CC[C@H](N)C2)c(Cl)c1Cl.Cl,IC50,121.0,nM,=,CHEMBL6072662,CHEMBL3038482,6.91721462968355,473.7520000000002,2.11042,4,6,137.71999999999997,4,4,3,1
CHEMBL6082883,Cc1[nH]c(C(=O)Nc2ccc(-n3nn[nH]c3=O)cc2N2CCC(N)CC2)c(Cl)c1Cl.Cl,IC50,216.0,nM,=,CHEMBL6072662,CHEMBL3038482,6.665546248849069,487.7790000000003,2.5005200000000003,4,6,137.71999999999997,4,4,3,1
CHEMBL6083136,CC(C)C(=O)c1c2c(c(O)c3c1OC1=C(C(=O)C(C)(C)C(=O)C1(C)C)[C@@H]3C(C)C)[C@@H](C(C)C)C1=C(O2)C(C)(C)C(=O)C(C)(C)C1=O,IC50,1200.0,nM,=,CHEMBL6077240,CHEMBL3038482,5.920818753952375,632.7940000000001,7.411500000000008,1,8,124.04,4,5,1,0
CHEMBL6143167,CC(C)C(=O)c1c2c(c(O)c3c1OC1=C(C(=O)C(C)(C)C(=O)C1(C)C)[C@H]3C(C)C)[C@H](C(C)C)C1=C(O2)C(C)(C)C(=O)C(C)(C)C1=O,IC50,2000.0,nM,=,CHEMBL6077240,CHEMBL3038482,5.698970004336019,632.7940000000001,7.411500000000008,1,8,124.04,4,5,1,0
CHEMBL6078201,CC(C)C(=O)c1c2c(c(O)c3c1OC1=C(C(=O)C(C)(C)C(=O)C1(C)C)[C@@H]3C(C)C)[C@H](C(C)C)C1=C(O2)C(C)(C)C(=O)C(C)(C)C1=O,IC50,250.0,nM,=,CHEMBL6077240,CHEMBL3038482,6.6020599913279625,632.7940000000001,7.411500000000008,1,8,124.04,4,5,1,1
CHEMBL6145459,CC(C)[C@H]1C2=C(Oc3cc4c(c(O)c31)[C@@H](C(C)C)C1=C(O4)C(C)(C)C(=O)C(C)(C)C1=O)C(C)(C)C(=O)C(C)(C)C2=O,IC50,7700.0,nM,=,CHEMBL6077240,CHEMBL3038482,5.113509274827518,562.7030000000003,6.572800000000006,1,7,106.97,2,5,1,0
CHEMBL6102943,CC(C)[C@@H]1C2=C(Oc3cc4c(c(O)c31)[C@H](C(C)C)C1=C(O4)C(C)(C)C(=O)C(C)(C)C1=O)C(C)(C)C(=O)C(C)(C)C2=O,IC50,1500.0,nM,=,CHEMBL6077240,CHEMBL3038482,5.823908740944319,562.7030000000003,6.572800000000006,1,7,106.97,2,5,1,0
CHEMBL6143113,CC(C)[C@@H]1C2=C(Oc3cc4c(c(O)c31)[C@@H](C(C)C)C1=C(O4)C(C)(C)C(=O)C(C)(C)C1=O)C(C)(C)C(=O)C(C)(C)C2=O,IC50,2400.0,nM,=,CHEMBL6077240,CHEMBL3038482,5.619788758288394,562.7030000000003,6.572800000000006,1,7,106.97,2,5,1,0
CHEMBL6133271,COc1c2c(c(C(=O)C(C)C)c3c1[C@@H](C(C)C)C1=C(O3)C(C)(C)C(=O)C(C)(C)C1=O)OC1=C(C(=O)C(C)(C)C(=O)C1(C)C)[C@H]2C(C)C,IC50,830.0,nM,=,CHEMBL6077240,CHEMBL3038482,6.080921907623926,646.8210000000003,7.714500000000009,0,8,113.04,5,5,1,1
CHEMBL6092059,CCOc1c2c(c(C(=O)C(C)C)c3c1[C@@H](C(C)C)C1=C(O3)C(C)(C)C(=O)C(C)(C)C1=O)OC1=C(C(=O)C(C)(C)C(=O)C1(C)C)[C@H]2C(C)C,IC50,130.0,nM,=,CHEMBL6077240,CHEMBL3038482,6.886056647693163,660.8480000000002,8.10460000000001,0,8,113.04,6,5,1,1
CHEMBL6134347,CC(C)C(=O)c1c2c(c(OCCO)c3c1OC1=C(C(=O)C(C)(C)C(=O)C1(C)C)[C@@H]3C(C)C)[C@H](C(C)C)C1=C(O2)C(C)(C)C(=O)C(C)(C)C1=O,IC50,280.0,nM,=,CHEMBL6077240,CHEMBL3038482,6.552841968657781,676.8470000000001,7.077000000000009,1,9,133.27,7,5,1,1
CHEMBL6144635,CC(C)Oc1c2c(c(C(=O)C(C)C)c3c1[C@@H](C(C)C)C1=C(O3)C(C)(C)C(=O)C(C)(C)C1=O)OC1=C(C(=O)C(C)(C)C(=O)C1(C)C)[C@H]2C(C)C,IC50,250.0,nM,=,CHEMBL6077240,CHEMBL3038482,6.6020599913279625,674.8750000000002,8.493100000000005,0,8,113.04,6,5,1,1
CHEMBL6096617,CC(C)C(=O)c1c2c(c(OCCCCl)c3c1OC1=C(C(=O)C(C)(C)C(=O)C1(C)C)[C@@H]3C(C)C)[C@H](C(C)C)C1=C(O2)C(C)(C)C(=O)C(C)(C)C1=O,IC50,410.0,nM,=,CHEMBL6077240,CHEMBL3038482,6.3872161432802645,709.3199999999999,8.713600000000005,0,8,113.04,8,5,1,1
CHEMBL6142687,CC(C)C(=O)c1c2c(c(OCC3CO3)c3c1OC1=C(C(=O)C(C)(C)C(=O)C1(C)C)[C@@H]3C(C)C)[C@H](C(C)C)C1=C(O2)C(C)(C)C(=O)C(C)(C)C1=O,IC50,67.0,nM,=,CHEMBL6077240,CHEMBL3038482,7.173925197299173,688.8580000000001,7.483500000000009,0,9,125.57,7,6,1,1
CHEMBL6103138,CC(C)C(=O)c1c2c(c(OCC3CC3)c3c1OC1=C(C(=O)C(C)(C)C(=O)C1(C)C)[C@@H]3C(C)C)[C@H](C(C)C)C1=C(O2)C(C)(C)C(=O)C(C)(C)C1=O,IC50,380.0,nM,=,CHEMBL6077240,CHEMBL3038482,6.42021640338319,686.8860000000001,8.494700000000005,0,8,113.04,7,6,1,1
CHEMBL6150913,COCCOCOc1c2c(c(C(=O)C(C)C)c3c1[C@@H](C(C)C)C1=C(O3)C(C)(C)C(=O)C(C)(C)C1=O)OC1=C(C(=O)C(C)(C)C(=O)C1(C)C)[C@H]2C(C)C,IC50,190.0,nM,=,CHEMBL6077240,CHEMBL3038482,6.721246399047171,720.9000000000001,7.70520000000001,0,10,131.5,10,5,1,1
CHEMBL6096580,CC(C)C(=O)c1c2c(c(OCCC3OCCO3)c3c1OC1=C(C(=O)C(C)(C)C(=O)C1(C)C)[C@@H]3C(C)C)[C@H](C(C)C)C1=C(O2)C(C)(C)C(=O)C(C)(C)C1=O,IC50,130.0,nM,=,CHEMBL6077240,CHEMBL3038482,6.886056647693163,732.9110000000001,7.8477000000000094,0,10,131.5,8,6,1,1
CHEMBL6096590,CCOC(CCCOc1c2c(c(C(=O)C(C)C)c3c1[C@@H](C(C)C)C1=C(O3)C(C)(C)C(=O)C(C)(C)C1=O)OC1=C(C(=O)C(C)(C)C(=O)C1(C)C)[C@H]2C(C)C)OCC,IC50,72.0,nM,=,CHEMBL6077240,CHEMBL3038482,7.142667503568731,777.008,9.264000000000005,0,10,131.5,13,5,1,1
CHEMBL6103430,CC(C)C(=O)Oc1c2c(c(C(=O)C(C)C)c3c1[C@@H](C(C)C)C1=C(O3)C(C)(C)C(=O)C(C)(C)C1=O)OC1=C(C(=O)C(C)(C)C(=O)C1(C)C)[C@H]2C(C)C,IC50,330.0,nM,=,CHEMBL6077240,CHEMBL3038482,6.481486060122113,702.8850000000001,8.267300000000008,0,9,130.11,6,5,1,1
CHEMBL6103462,CC(C)CCOc1c2c(c(C(=O)C(C)C)c3c1[C@@H](C(C)C)C1=C(O3)C(C)(C)C(=O)C(C)(C)C1=O)OC1=C(C(=O)C(C)(C)C(=O)C1(C)C)[C@H]2C(C)C,IC50,1800.0,nM,=,CHEMBL6077240,CHEMBL3038482,5.7447274948966935,702.9290000000002,9.130800000000002,0,8,113.04,8,5,1,0
CHEMBL6145638,CC(C)C(=O)c1c2c(c(OCCCCCCO)c3c1OC1=C(C(=O)C(C)(C)C(=O)C1(C)C)[C@@H]3C(C)C)[C@H](C(C)C)C1=C(O2)C(C)(C)C(=O)C(C)(C)C1=O,IC50,2100.0,nM,=,CHEMBL6077240,CHEMBL3038482,5.6777807052660805,732.955,8.637400000000005,1,9,133.27,11,5,1,0
CHEMBL6134684,CC(C)C(=O)c1c2c(c(OCc3ccccc3)c3c1OC1=C(C(=O)C(C)(C)C(=O)C1(C)C)[C@@H]3C(C)C)[C@H](C(C)C)C1=C(O2)C(C)(C)C(=O)C(C)(C)C1=O,IC50,2100.0,nM,=,CHEMBL6077240,CHEMBL3038482,5.6777807052660805,722.9190000000001,9.2849,0,8,113.04,7,6,2,0
CHEMBL6078286,CC(C)C(=O)c1c2c(c(OCc3c(F)c(F)c(F)c(F)c3F)c3c1OC1=C(C(=O)C(C)(C)C(=O)C1(C)C)[C@@H]3C(C)C)[C@H](C(C)C)C1=C(O2)C(C)(C)C(=O)C(C)(C)C1=O,IC50,190.0,nM,=,CHEMBL6077240,CHEMBL3038482,6.721246399047171,812.8689999999999,9.980399999999994,0,8,113.04,7,6,2,1
CHEMBL6148317,CC(C)C(=O)c1c2c(c(OCc3ccc([N+](=O)[O-])cc3)c3c1OC1=C(C(=O)C(C)(C)C(=O)C1(C)C)[C@@H]3C(C)C)[C@H](C(C)C)C1=C(O2)C(C)(C)C(=O)C(C)(C)C1=O,IC50,79.0,nM,=,CHEMBL6077240,CHEMBL3038482,7.102372908709558,767.9159999999999,9.1931,0,10,156.18,8,6,2,1
CHEMBL6091845,CC(C)C(=O)c1c2c(c(OCCCc3ccccc3)c3c1OC1=C(C(=O)C(C)(C)C(=O)C1(C)C)[C@@H]3C(C)C)[C@H](C(C)C)C1=C(O2)C(C)(C)C(=O)C(C)(C)C1=O,IC50,100.0,nM,=,CHEMBL6077240,CHEMBL3038482,7.0,750.9730000000001,9.717499999999998,0,8,113.04,9,6,2,1
CHEMBL6078734,CC(C)C(=O)c1c2c(c(OCCN(C)C)c3c1OC1=C(C(=O)C(C)(C)C(=O)C1(C)C)[C@@H]3C(C)C)[C@H](C(C)C)C1=C(O2)C(C)(C)C(=O)C(C)(C)C1=O,IC50,130.0,nM,=,CHEMBL6077240,CHEMBL3038482,6.886056647693163,703.917,7.64630000000001,0,9,116.28,8,5,1,1
CHEMBL6103064,CCN(CC)CCOc1c2c(c(C(=O)C(C)C)c3c1[C@@H](C(C)C)C1=C(O3)C(C)(C)C(=O)C(C)(C)C1=O)OC1=C(C(=O)C(C)(C)C(=O)C1(C)C)[C@H]2C(C)C,IC50,78.0,nM,=,CHEMBL6077240,CHEMBL3038482,7.107905397309519,731.9710000000001,8.426500000000008,0,9,116.28,10,5,1,1
CHEMBL6078484,CCN(CC)CCCOc1c2c(c(C(=O)C(C)C)c3c1[C@@H](C(C)C)C1=C(O3)C(C)(C)C(=O)C(C)(C)C1=O)OC1=C(C(=O)C(C)(C)C(=O)C1(C)C)[C@H]2C(C)C,IC50,42.0,nM,=,CHEMBL6077240,CHEMBL3038482,7.376750709602099,745.998,8.816600000000006,0,9,116.28,11,5,1,1
CHEMBL6123382,CC(C)C(=O)c1c2c(c(OCCN3CCCC3)c3c1OC1=C(C(=O)C(C)(C)C(=O)C1(C)C)[C@@H]3C(C)C)[C@H](C(C)C)C1=C(O2)C(C)(C)C(=O)C(C)(C)C1=O,IC50,17.0,nM,=,CHEMBL6077240,CHEMBL3038482,7.769551078621726,729.955,8.18050000000001,0,9,116.28,8,6,1,1
CHEMBL6151172,CC(C)C(=O)c1c2c(c(OCCN3CCCCC3)c3c1OC1=C(C(=O)C(C)(C)C(=O)C1(C)C)[C@@H]3C(C)C)[C@H](C(C)C)C1=C(O2)C(C)(C)C(=O)C(C)(C)C1=O,IC50,280.0,nM,=,CHEMBL6077240,CHEMBL3038482,6.552841968657781,743.982,8.570600000000008,0,9,116.28,8,6,1,1
CHEMBL6091789,CC(C)C(=O)c1c2c(c(OCCCN3CCCCC3)c3c1OC1=C(C(=O)C(C)(C)C(=O)C1(C)C)[C@@H]3C(C)C)[C@H](C(C)C)C1=C(O2)C(C)(C)C(=O)C(C)(C)C1=O,IC50,83.0,nM,=,CHEMBL6077240,CHEMBL3038482,7.080921907623926,758.009,8.960700000000005,0,9,116.28,9,6,1,1
CHEMBL6102177,CC(C)C(=O)c1c2c(c(OCCN3CCCCCC3)c3c1OC1=C(C(=O)C(C)(C)C(=O)C1(C)C)[C@@H]3C(C)C)[C@H](C(C)C)C1=C(O2)C(C)(C)C(=O)C(C)(C)C1=O,IC50,44.0,nM,=,CHEMBL6077240,CHEMBL3038482,7.356547323513812,758.009,8.960700000000005,0,9,116.28,8,6,1,1
CHEMBL6145847,CCCCN(CCCC)CCCOc1c2c(c(C(=O)C(C)C)c3c1[C@@H](C(C)C)C1=C(O3)C(C)(C)C(=O)C(C)(C)C1=O)OC1=C(C(=O)C(C)(C)C(=O)C1(C)C)[C@H]2C(C)C,IC50,430.0,nM,=,CHEMBL6077240,CHEMBL3038482,6.366531544420414,802.106,10.376999999999995,0,9,116.28,15,5,1,1
CHEMBL6078483,CC(C)C(=O)c1c2c(c(OCCCN3CCOCC3)c3c1OC1=C(C(=O)C(C)(C)C(=O)C1(C)C)[C@@H]3C(C)C)[C@H](C(C)C)C1=C(O2)C(C)(C)C(=O)C(C)(C)C1=O,IC50,58.0,nM,=,CHEMBL6077240,CHEMBL3038482,7.236572006437063,759.981,7.80700000000001,0,10,125.51,9,6,1,1
CHEMBL6102529,CC(C)C(=O)c1c2c(c(OCCCN3CCN(C)CC3)c3c1OC1=C(C(=O)C(C)(C)C(=O)C1(C)C)[C@@H]3C(C)C)[C@H](C(C)C)C1=C(O2)C(C)(C)C(=O)C(C)(C)C1=O,IC50,70.0,nM,=,CHEMBL6077240,CHEMBL3038482,7.154901959985743,773.024,7.72220000000001,0,10,119.52,9,6,1,1
CHEMBL6102411,CC(C)C(=O)c1c2c(c(OCCN3C(=O)c4ccccc4C3=O)c3c1OC1=C(C(=O)C(C)(C)C(=O)C1(C)C)[C@@H]3C(C)C)[C@H](C(C)C)C1=C(O2)C(C)(C)C(=O)C(C)(C)C1=O,IC50,340.0,nM,=,CHEMBL6077240,CHEMBL3038482,6.468521082957745,805.965,8.380900000000008,0,10,150.42,8,7,2,1
CHEMBL6163746,CCCCCOc1ccc(C(=O)NNC(=S)NC(C)=O)cc1,IC50,1810.0,nM,=,CHEMBL6084929,CHEMBL3038482,5.742321425130816,323.41800000000006,1.911,3,4,79.46000000000001,6,1,1,0
CHEMBL6120588,CCCCCCOc1ccc(C(=O)NNC(=S)NC(C)=O)cc1,IC50,1010.0,nM,=,CHEMBL6084929,CHEMBL3038482,5.995678626217358,337.44500000000005,2.3011,3,4,79.46000000000001,7,1,1,0
CHEMBL6151367,CC(=O)NC(=S)NNC(=O)c1ccc(C2CCCCC2)cc1,IC50,1890.0,nM,=,CHEMBL6084929,CHEMBL3038482,5.723538195826756,319.4300000000001,2.3897000000000004,3,3,70.23,2,2,1,0
CHEMBL6152165,CCC1CCC(c2ccc(C(=O)NNC(=S)NC(C)=O)cc2)CC1,IC50,230.0,nM,=,CHEMBL6084929,CHEMBL3038482,6.638272163982407,347.4840000000001,3.025800000000001,3,3,70.23,3,2,1,1
CHEMBL6165974,O=C(NC(=S)NNC(=O)c1cccc(Cl)c1Cl)c1ccc([N+](=O)[O-])cc1,IC50,100000.0,nM,>,CHEMBL6084935,CHEMBL3038482,4.0,413.2420000000001,2.8509,3,5,113.37,3,2,2,0
CHEMBL6133133,O=C(NC(=S)NNC(=O)c1cc2ccccc2[nH]1)c1ccccc1,IC50,50000.0,nM,>,CHEMBL6084938,CHEMBL3038482,4.301029995663981,338.39200000000005,2.117199999999998,4,3,86.02000000000001,2,3,3,0
CHEMBL6170035,CCn1c(=O)c(C(=O)Nc2nnc(-c3ccc(C)cn3)s2)c(O)c2ccccc21,IC50,1190.0,nM,=,CHEMBL6126361,CHEMBL3038482,5.924453038607469,407.4550000000001,3.201220000000002,2,7,110.0,4,4,4,0
CHEMBL6161976,N#Cc1ccc2ccc(=O)n(CCN3CCC(NCc4ccc5c(c4)OCCO5)CC3)c2c1,IC50,44.0,nM,=,CHEMBL6127398,CHEMBL3038482,7.356547323513812,444.5350000000003,2.898580000000001,1,6,79.52000000000001,6,5,3,1
CHEMBL6152473,N#Cc1ccc2ccc(=O)n(CCN3CCC(NCc4ccc5c(c4)NC(=O)CO5)CC3)c2c1,IC50,3.4,nM,=,CHEMBL6127398,CHEMBL3038482,8.468521082957745,457.5340000000003,2.45828,2,6,99.39,6,5,3,1
CHEMBL6168808,N#Cc1ccc2ccc(=O)n(CCN3CCC(NCc4ccc5c(c4)NC(=O)CS5)CC3)c2c1,IC50,3.2,nM,=,CHEMBL6127398,CHEMBL3038482,8.494850021680094,473.60200000000026,3.1715800000000005,2,6,90.16,6,5,3,1
